Id,Name,Value,Date
Embalse,PENOL,869500000.0,2015-01-01
Embalse,PENOL,865969000.0,2015-01-02
Embalse,PENOL,861594000.0,2015-01-03
Embalse,PENOL,858406000.0,2015-01-04
Embalse,PENOL,854719000.0,2015-01-05
Embalse,PENOL,850438000.0,2015-01-06
Embalse,PENOL,847000000.0,2015-01-07
Embalse,PENOL,843219000.0,2015-01-08
Embalse,PENOL,841500000.0,2015-01-09
Embalse,PENOL,838875000.0,2015-01-10
Embalse,PENOL,836625000.0,2015-01-11
Embalse,PENOL,834344000.0,2015-01-12
Embalse,PENOL,835563000.0,2015-01-13
Embalse,PENOL,833688000.0,2015-01-14
Embalse,PENOL,830719000.0,2015-01-15
Embalse,PENOL,829500000.0,2015-01-16
Embalse,PENOL,827219000.0,2015-01-17
Embalse,PENOL,824188000.0,2015-01-18
Embalse,PENOL,821344000.0,2015-01-19
Embalse,PENOL,817781000.0,2015-01-20
Embalse,PENOL,814813000.0,2015-01-21
Embalse,PENOL,813688000.0,2015-01-22
Embalse,PENOL,811375000.0,2015-01-23
Embalse,PENOL,808313000.0,2015-01-24
Embalse,PENOL,810156000.0,2015-01-25
Embalse,PENOL,806000000.0,2015-01-26
Embalse,PENOL,802125000.0,2015-01-27
Embalse,PENOL,796875000.0,2015-01-28
Embalse,PENOL,794063000.0,2015-01-29
Embalse,PENOL,789469000.0,2015-01-30
Embalse,PENOL,787125000.0,2015-01-31
Embalse,PENOL,783844000.0,2015-02-01
Embalse,PENOL,778744000.0,2015-02-02
Embalse,PENOL,779875000.0,2015-02-03
Embalse,PENOL,781531000.0,2015-02-04
Embalse,PENOL,776469000.0,2015-02-05
Embalse,PENOL,774281000.0,2015-02-06
Embalse,PENOL,769656000.0,2015-02-07
Embalse,PENOL,767531000.0,2015-02-08
Embalse,PENOL,764594000.0,2015-02-09
Embalse,PENOL,763531000.0,2015-02-10
Embalse,PENOL,761313000.0,2015-02-11
Embalse,PENOL,762406000.0,2015-02-12
Embalse,PENOL,767875000.0,2015-02-13
Embalse,PENOL,771406000.0,2015-02-14
Embalse,PENOL,773625000.0,2015-02-15
Embalse,PENOL,769094000.0,2015-02-16
Embalse,PENOL,771406000.0,2015-02-17
Embalse,PENOL,766344000.0,2015-02-18
Embalse,PENOL,761313000.0,2015-02-19
Embalse,PENOL,757000000.0,2015-02-20
Embalse,PENOL,752003000.0,2015-02-21
Embalse,PENOL,746969000.0,2015-02-22
Embalse,PENOL,745500000.0,2015-02-23
Embalse,PENOL,742125000.0,2015-02-24
Embalse,PENOL,736688000.0,2015-02-25
Embalse,PENOL,733031000.0,2015-02-26
Embalse,PENOL,729375000.0,2015-02-27
Embalse,PENOL,726063000.0,2015-02-28
Embalse,PENOL,722906000.0,2015-03-01
Embalse,PENOL,718125000.0,2015-03-02
Embalse,PENOL,713250000.0,2015-03-03
Embalse,PENOL,709625000.0,2015-03-04
Embalse,PENOL,706031000.0,2015-03-05
Embalse,PENOL,701219000.0,2015-03-06
Embalse,PENOL,696406000.0,2015-03-07
Embalse,PENOL,691563000.0,2015-03-08
Embalse,PENOL,686188000.0,2015-03-09
Embalse,PENOL,682006000.0,2015-03-10
Embalse,PENOL,677094000.0,2015-03-11
Embalse,PENOL,673500000.0,2015-03-12
Embalse,PENOL,669375000.0,2015-03-13
Embalse,PENOL,664469000.0,2015-03-14
Embalse,PENOL,661063000.0,2015-03-15
Embalse,PENOL,656031000.0,2015-03-16
Embalse,PENOL,650438000.0,2015-03-17
Embalse,PENOL,645594000.0,2015-03-18
Embalse,PENOL,644862000.0,2015-03-19
Embalse,PENOL,641594000.0,2015-03-20
Embalse,PENOL,641594000.0,2015-03-21
Embalse,PENOL,641594000.0,2015-03-22
Embalse,PENOL,641219000.0,2015-03-23
Embalse,PENOL,640063000.0,2015-03-24
Embalse,PENOL,638828000.0,2015-03-25
Embalse,PENOL,639156000.0,2015-03-26
Embalse,PENOL,634219000.0,2015-03-27
Embalse,PENOL,630250000.0,2015-03-28
Embalse,PENOL,627312000.0,2015-03-29
Embalse,PENOL,623625000.0,2015-03-30
Embalse,PENOL,619156000.0,2015-03-31
Embalse,PENOL,616656000.0,2015-04-01
Embalse,PENOL,615450000.0,2015-04-02
Embalse,PENOL,614225000.0,2015-04-03
Embalse,PENOL,611500000.0,2015-04-04
Embalse,PENOL,612031000.0,2015-04-05
Embalse,PENOL,614063000.0,2015-04-06
Embalse,PENOL,610394000.0,2015-04-07
Embalse,PENOL,614144000.0,2015-04-08
Embalse,PENOL,614013000.0,2015-04-09
Embalse,PENOL,615091000.0,2015-04-10
Embalse,PENOL,617219000.0,2015-04-11
Embalse,PENOL,613563000.0,2015-04-12
Embalse,PENOL,608956000.0,2015-04-13
Embalse,PENOL,606656000.0,2015-04-14
Embalse,PENOL,605031000.0,2015-04-15
Embalse,PENOL,608188000.0,2015-04-16
Embalse,PENOL,611500000.0,2015-04-17
Embalse,PENOL,610966000.0,2015-04-18
Embalse,PENOL,611000000.0,2015-04-19
Embalse,PENOL,609156000.0,2015-04-20
Embalse,PENOL,611000000.0,2015-04-21
Embalse,PENOL,611500000.0,2015-04-22
Embalse,PENOL,612075000.0,2015-04-23
Embalse,PENOL,614869000.0,2015-04-24
Embalse,PENOL,613563000.0,2015-04-25
Embalse,PENOL,609156000.0,2015-04-26
Embalse,PENOL,605031000.0,2015-04-27
Embalse,PENOL,601106000.0,2015-04-28
Embalse,PENOL,596619000.0,2015-04-29
Embalse,PENOL,597313000.0,2015-04-30
Embalse,PENOL,598281000.0,2015-05-01
Embalse,PENOL,593875000.0,2015-05-02
Embalse,PENOL,595469000.0,2015-05-03
Embalse,PENOL,592188000.0,2015-05-04
Embalse,PENOL,587125000.0,2015-05-05
Embalse,PENOL,582313000.0,2015-05-06
Embalse,PENOL,579800000.0,2015-05-07
Embalse,PENOL,575500000.0,2015-05-08
Embalse,PENOL,572350000.0,2015-05-09
Embalse,PENOL,569119000.0,2015-05-10
Embalse,PENOL,563938000.0,2015-05-11
Embalse,PENOL,560688000.0,2015-05-12
Embalse,PENOL,556534000.0,2015-05-13
Embalse,PENOL,551619000.0,2015-05-14
Embalse,PENOL,547531000.0,2015-05-15
Embalse,PENOL,543625000.0,2015-05-16
Embalse,PENOL,541844000.0,2015-05-17
Embalse,PENOL,539656000.0,2015-05-18
Embalse,PENOL,535453000.0,2015-05-19
Embalse,PENOL,531481000.0,2015-05-20
Embalse,PENOL,537469000.0,2015-05-21
Embalse,PENOL,540563000.0,2015-05-22
Embalse,PENOL,542922000.0,2015-05-23
Embalse,PENOL,545262000.0,2015-05-24
Embalse,PENOL,551544000.0,2015-05-25
Embalse,PENOL,553531000.0,2015-05-26
Embalse,PENOL,555594000.0,2015-05-27
Embalse,PENOL,558025000.0,2015-05-28
Embalse,PENOL,564600000.0,2015-05-29
Embalse,PENOL,580188000.0,2015-05-30
Embalse,PENOL,586938000.0,2015-05-31
Embalse,PENOL,591813000.0,2015-06-01
Embalse,PENOL,594369000.0,2015-06-02
Embalse,PENOL,596228000.0,2015-06-03
Embalse,PENOL,597625000.0,2015-06-04
Embalse,PENOL,599688000.0,2015-06-05
Embalse,PENOL,602063000.0,2015-06-06
Embalse,PENOL,603875000.0,2015-06-07
Embalse,PENOL,606031000.0,2015-06-08
Embalse,PENOL,603625000.0,2015-06-09
Embalse,PENOL,602469000.0,2015-06-10
Embalse,PENOL,599250000.0,2015-06-11
Embalse,PENOL,594969000.0,2015-06-12
Embalse,PENOL,590781000.0,2015-06-13
Embalse,PENOL,586388000.0,2015-06-14
Embalse,PENOL,584125000.0,2015-06-15
Embalse,PENOL,580063000.0,2015-06-16
Embalse,PENOL,581469000.0,2015-06-17
Embalse,PENOL,577800000.0,2015-06-18
Embalse,PENOL,577900000.0,2015-06-19
Embalse,PENOL,579253000.0,2015-06-20
Embalse,PENOL,580553000.0,2015-06-21
Embalse,PENOL,580094000.0,2015-06-22
Embalse,PENOL,579359000.0,2015-06-23
Embalse,PENOL,577800000.0,2015-06-24
Embalse,PENOL,576438000.0,2015-06-25
Embalse,PENOL,576562000.0,2015-06-26
Embalse,PENOL,577225000.0,2015-06-27
Embalse,PENOL,577281000.0,2015-06-28
Embalse,PENOL,574906000.0,2015-06-29
Embalse,PENOL,572969000.0,2015-06-30
Embalse,PENOL,573538000.0,2015-07-01
Embalse,PENOL,573188000.0,2015-07-02
Embalse,PENOL,573587000.0,2015-07-03
Embalse,PENOL,573950000.0,2015-07-04
Embalse,PENOL,571494000.0,2015-07-05
Embalse,PENOL,569813000.0,2015-07-06
Embalse,PENOL,568175000.0,2015-07-07
Embalse,PENOL,567031000.0,2015-07-08
Embalse,PENOL,568288000.0,2015-07-09
Embalse,PENOL,568119000.0,2015-07-10
Embalse,PENOL,569231000.0,2015-07-11
Embalse,PENOL,569672000.0,2015-07-12
Embalse,PENOL,568969000.0,2015-07-13
Embalse,PENOL,569119000.0,2015-07-14
Embalse,PENOL,574150000.0,2015-07-15
Embalse,PENOL,578388000.0,2015-07-16
Embalse,PENOL,580434000.0,2015-07-17
Embalse,PENOL,586066000.0,2015-07-18
Embalse,PENOL,590838000.0,2015-07-19
Embalse,PENOL,596109000.0,2015-07-20
Embalse,PENOL,604969000.0,2015-07-21
Embalse,PENOL,608328000.0,2015-07-22
Embalse,PENOL,609944000.0,2015-07-23
Embalse,PENOL,611553000.0,2015-07-24
Embalse,PENOL,612525000.0,2015-07-25
Embalse,PENOL,614012000.0,2015-07-26
Embalse,PENOL,615050000.0,2015-07-27
Embalse,PENOL,617484000.0,2015-07-28
Embalse,PENOL,620859000.0,2015-07-29
Embalse,PENOL,626166000.0,2015-07-30
Embalse,PENOL,627828000.0,2015-07-31
Embalse,PENOL,629244000.0,2015-08-01
Embalse,PENOL,630200000.0,2015-08-02
Embalse,PENOL,631825000.0,2015-08-03
Embalse,PENOL,632625000.0,2015-08-04
Embalse,PENOL,633438000.0,2015-08-05
Embalse,PENOL,633919000.0,2015-08-06
Embalse,PENOL,635359000.0,2015-08-07
Embalse,PENOL,636844000.0,2015-08-08
Embalse,PENOL,641041000.0,2015-08-09
Embalse,PENOL,639941000.0,2015-08-10
Embalse,PENOL,641594000.0,2015-08-11
Embalse,PENOL,640981000.0,2015-08-12
Embalse,PENOL,642962000.0,2015-08-13
Embalse,PENOL,645628000.0,2015-08-14
Embalse,PENOL,646281000.0,2015-08-15
Embalse,PENOL,648950000.0,2015-08-16
Embalse,PENOL,651462000.0,2015-08-17
Embalse,PENOL,658112000.0,2015-08-18
Embalse,PENOL,659800000.0,2015-08-19
Embalse,PENOL,662612000.0,2015-08-20
Embalse,PENOL,666094000.0,2015-08-21
Embalse,PENOL,669031000.0,2015-08-22
Embalse,PENOL,673134000.0,2015-08-23
Embalse,PENOL,675531000.0,2015-08-24
Embalse,PENOL,678862000.0,2015-08-25
Embalse,PENOL,682900000.0,2015-08-26
Embalse,PENOL,686438000.0,2015-08-27
Embalse,PENOL,691638000.0,2015-08-28
Embalse,PENOL,693947000.0,2015-08-29
Embalse,PENOL,695734000.0,2015-08-30
Embalse,PENOL,697891000.0,2015-08-31
Embalse,PENOL,697891000.0,2015-09-01
Embalse,PENOL,696144000.0,2015-09-02
Embalse,PENOL,693638000.0,2015-09-03
Embalse,PENOL,693431000.0,2015-09-04
Embalse,PENOL,696459000.0,2015-09-05
Embalse,PENOL,698156000.0,2015-09-06
Embalse,PENOL,698206000.0,2015-09-07
Embalse,PENOL,699484000.0,2015-09-08
Embalse,PENOL,697678000.0,2015-09-09
Embalse,PENOL,699738000.0,2015-09-10
Embalse,PENOL,704025000.0,2015-09-11
Embalse,PENOL,705272000.0,2015-09-12
Embalse,PENOL,706081000.0,2015-09-13
Embalse,PENOL,702350000.0,2015-09-14
Embalse,PENOL,697075000.0,2015-09-15
Embalse,PENOL,694941000.0,2015-09-16
Embalse,PENOL,692600000.0,2015-09-17
Embalse,PENOL,687844000.0,2015-09-18
Embalse,PENOL,685156000.0,2015-09-19
Embalse,PENOL,686312000.0,2015-09-20
Embalse,PENOL,685225000.0,2015-09-21
Embalse,PENOL,682106000.0,2015-09-22
Embalse,PENOL,680534000.0,2015-09-23
Embalse,PENOL,678662000.0,2015-09-24
Embalse,PENOL,675156000.0,2015-09-25
Embalse,PENOL,670681000.0,2015-09-26
Embalse,PENOL,670250000.0,2015-09-27
Embalse,PENOL,665159000.0,2015-09-28
Embalse,PENOL,661003000.0,2015-09-29
Embalse,PENOL,660019000.0,2015-09-30
Embalse,PENOL,656912000.0,2015-10-01
Embalse,PENOL,652016000.0,2015-10-02
Embalse,PENOL,649069000.0,2015-10-03
Embalse,PENOL,646859000.0,2015-10-04
Embalse,PENOL,645481000.0,2015-10-05
Embalse,PENOL,641762000.0,2015-10-06
Embalse,PENOL,637859000.0,2015-10-07
Embalse,PENOL,635359000.0,2015-10-08
Embalse,PENOL,632625000.0,2015-10-09
Embalse,PENOL,629194000.0,2015-10-10
Embalse,PENOL,635938000.0,2015-10-11
Embalse,PENOL,638412000.0,2015-10-12
Embalse,PENOL,643869000.0,2015-10-13
Embalse,PENOL,647312000.0,2015-10-14
Embalse,PENOL,651162000.0,2015-10-15
Embalse,PENOL,655256000.0,2015-10-16
Embalse,PENOL,657744000.0,2015-10-17
Embalse,PENOL,659744000.0,2015-10-18
Embalse,PENOL,661106000.0,2015-10-19
Embalse,PENOL,662106000.0,2015-10-20
Embalse,PENOL,663975000.0,2015-10-21
Embalse,PENOL,666000000.0,2015-10-22
Embalse,PENOL,663000000.0,2015-10-23
Embalse,PENOL,665344000.0,2015-10-24
Embalse,PENOL,668112000.0,2015-10-25
Embalse,PENOL,670681000.0,2015-10-26
Embalse,PENOL,667956000.0,2015-10-27
Embalse,PENOL,665138000.0,2015-10-28
Embalse,PENOL,664719000.0,2015-10-29
Embalse,PENOL,662256000.0,2015-10-30
Embalse,PENOL,664159000.0,2015-10-31
Embalse,PENOL,664434000.0,2015-11-01
Embalse,PENOL,667384000.0,2015-11-02
Embalse,PENOL,664969000.0,2015-11-03
Embalse,PENOL,663975000.0,2015-11-04
Embalse,PENOL,666469000.0,2015-11-05
Embalse,PENOL,668281000.0,2015-11-06
Embalse,PENOL,671719000.0,2015-11-07
Embalse,PENOL,674975000.0,2015-11-08
Embalse,PENOL,677941000.0,2015-11-09
Embalse,PENOL,684300000.0,2015-11-10
Embalse,PENOL,687253000.0,2015-11-11
Embalse,PENOL,689381000.0,2015-11-12
Embalse,PENOL,691638000.0,2015-11-13
Embalse,PENOL,693234000.0,2015-11-14
Embalse,PENOL,690975000.0,2015-11-15
Embalse,PENOL,692556000.0,2015-11-16
Embalse,PENOL,693600000.0,2015-11-17
Embalse,PENOL,692972000.0,2015-11-18
Embalse,PENOL,696512000.0,2015-11-19
Embalse,PENOL,700516000.0,2015-11-20
Embalse,PENOL,699738000.0,2015-11-21
Embalse,PENOL,702425000.0,2015-11-22
Embalse,PENOL,710509000.0,2015-11-23
Embalse,PENOL,714456000.0,2015-11-24
Embalse,PENOL,717956000.0,2015-11-25
Embalse,PENOL,721956000.0,2015-11-26
Embalse,PENOL,720694000.0,2015-11-27
Embalse,PENOL,723356000.0,2015-11-28
Embalse,PENOL,724703000.0,2015-11-29
Embalse,PENOL,724325000.0,2015-11-30
Embalse,PENOL,721812000.0,2015-12-01
Embalse,PENOL,718519000.0,2015-12-02
Embalse,PENOL,721312000.0,2015-12-03
Embalse,PENOL,717350000.0,2015-12-04
Embalse,PENOL,715141000.0,2015-12-05
Embalse,PENOL,716825000.0,2015-12-06
Embalse,PENOL,718294000.0,2015-12-07
Embalse,PENOL,719844000.0,2015-12-08
Embalse,PENOL,721038000.0,2015-12-09
Embalse,PENOL,722828000.0,2015-12-10
Embalse,PENOL,720475000.0,2015-12-11
Embalse,PENOL,720325000.0,2015-12-12
Embalse,PENOL,720375000.0,2015-12-13
Embalse,PENOL,716619000.0,2015-12-14
Embalse,PENOL,713484000.0,2015-12-15
Embalse,PENOL,710212000.0,2015-12-16
Embalse,PENOL,706381000.0,2015-12-17
Embalse,PENOL,701591000.0,2015-12-18
Embalse,PENOL,696672000.0,2015-12-19
Embalse,PENOL,693562000.0,2015-12-20
Embalse,PENOL,688766000.0,2015-12-21
Embalse,PENOL,684784000.0,2015-12-22
Embalse,PENOL,681391000.0,2015-12-23
Embalse,PENOL,678062000.0,2015-12-24
Embalse,PENOL,675975000.0,2015-12-25
Embalse,PENOL,675762000.0,2015-12-26
Embalse,PENOL,671888000.0,2015-12-27
Embalse,PENOL,669506000.0,2015-12-28
Embalse,PENOL,669272000.0,2015-12-29
Embalse,PENOL,666272000.0,2015-12-30
Embalse,PENOL,664262000.0,2016-01-01
Embalse,PENOL,662406000.0,2016-01-02
Embalse,PENOL,660219000.0,2016-01-03
Embalse,PENOL,657831000.0,2016-01-04
Embalse,PENOL,655528000.0,2016-01-05
Embalse,PENOL,653000000.0,2016-01-06
Embalse,PENOL,650794000.0,2016-01-07
Embalse,PENOL,649103000.0,2016-01-08
Embalse,PENOL,646812000.0,2016-01-09
Embalse,PENOL,644525000.0,2016-01-10
Embalse,PENOL,643391000.0,2016-01-11
Embalse,PENOL,641159000.0,2016-01-12
Embalse,PENOL,637281000.0,2016-01-13
Embalse,PENOL,634169000.0,2016-01-14
Embalse,PENOL,630688000.0,2016-01-15
Embalse,PENOL,628419000.0,2016-01-16
Embalse,PENOL,629044000.0,2016-01-17
Embalse,PENOL,627188000.0,2016-01-18
Embalse,PENOL,624222000.0,2016-01-19
Embalse,PENOL,620469000.0,2016-01-20
Embalse,PENOL,616516000.0,2016-01-21
Embalse,PENOL,613350000.0,2016-01-22
Embalse,PENOL,610394000.0,2016-01-23
Embalse,PENOL,608956000.0,2016-01-24
Embalse,PENOL,605703000.0,2016-01-25
Embalse,PENOL,602347000.0,2016-01-26
Embalse,PENOL,599688000.0,2016-01-27
Embalse,PENOL,596725000.0,2016-01-28
Embalse,PENOL,593316000.0,2016-01-29
Embalse,PENOL,590562000.0,2016-01-30
Embalse,PENOL,587662000.0,2016-01-31
Embalse,PENOL,584312000.0,2016-02-01
Embalse,PENOL,580125000.0,2016-02-02
Embalse,PENOL,576325000.0,2016-02-03
Embalse,PENOL,572209000.0,2016-02-04
Embalse,PENOL,569625000.0,2016-02-05
Embalse,PENOL,566612000.0,2016-02-06
Embalse,PENOL,563488000.0,2016-02-07
Embalse,PENOL,561494000.0,2016-02-08
Embalse,PENOL,560156000.0,2016-02-09
Embalse,PENOL,557506000.0,2016-02-10
Embalse,PENOL,554838000.0,2016-02-11
Embalse,PENOL,552375000.0,2016-02-12
Embalse,PENOL,548488000.0,2016-02-13
Embalse,PENOL,545862000.0,2016-02-14
Embalse,PENOL,545394000.0,2016-02-15
Embalse,PENOL,546719000.0,2016-02-16
Embalse,PENOL,551094000.0,2016-02-17
Embalse,PENOL,552344000.0,2016-02-18
Embalse,PENOL,553328000.0,2016-02-19
Embalse,PENOL,555988000.0,2016-02-20
Embalse,PENOL,561578000.0,2016-02-21
Embalse,PENOL,563738000.0,2016-02-22
Embalse,PENOL,565244000.0,2016-02-23
Embalse,PENOL,566962000.0,2016-02-24
Embalse,PENOL,568900000.0,2016-02-25
Embalse,PENOL,569719000.0,2016-02-26
Embalse,PENOL,571000000.0,2016-02-27
Embalse,PENOL,571644000.0,2016-02-28
Embalse,PENOL,572300000.0,2016-02-29
Embalse,PENOL,573144000.0,2016-03-01
Embalse,PENOL,573912000.0,2016-03-02
Embalse,PENOL,574281000.0,2016-03-03
Embalse,PENOL,575550000.0,2016-03-04
Embalse,PENOL,576406000.0,2016-03-05
Embalse,PENOL,577422000.0,2016-03-06
Embalse,PENOL,578100000.0,2016-03-07
Embalse,PENOL,579044000.0,2016-03-08
Embalse,PENOL,579844000.0,2016-03-09
Embalse,PENOL,580375000.0,2016-03-10
Embalse,PENOL,580969000.0,2016-03-11
Embalse,PENOL,583012000.0,2016-03-12
Embalse,PENOL,583569000.0,2016-03-13
Embalse,PENOL,584862000.0,2016-03-14
Embalse,PENOL,585888000.0,2016-03-15
Embalse,PENOL,587169000.0,2016-03-16
Embalse,PENOL,589594000.0,2016-03-17
Embalse,PENOL,590519000.0,2016-03-18
Embalse,PENOL,591719000.0,2016-03-19
Embalse,PENOL,595538000.0,2016-03-20
Embalse,PENOL,597406000.0,2016-03-21
Embalse,PENOL,598772000.0,2016-03-22
Embalse,PENOL,599197000.0,2016-03-23
Embalse,PENOL,599600000.0,2016-03-24
Embalse,PENOL,599741000.0,2016-03-25
Embalse,PENOL,600166000.0,2016-03-26
Embalse,PENOL,602347000.0,2016-03-27
Embalse,PENOL,602694000.0,2016-03-28
Embalse,PENOL,602862000.0,2016-03-29
Embalse,PENOL,603388000.0,2016-03-30
Embalse,PENOL,603981000.0,2016-03-31
Embalse,PENOL,605031000.0,2016-04-01
Embalse,PENOL,606616000.0,2016-04-02
Embalse,PENOL,607156000.0,2016-04-03
Embalse,PENOL,607794000.0,2016-04-04
Embalse,PENOL,608075000.0,2016-04-05
Embalse,PENOL,608131000.0,2016-04-06
Embalse,PENOL,608188000.0,2016-04-07
Embalse,PENOL,612694000.0,2016-04-08
Embalse,PENOL,616125000.0,2016-04-09
Embalse,PENOL,619225000.0,2016-04-10
Embalse,PENOL,621438000.0,2016-04-11
Embalse,PENOL,624275000.0,2016-04-12
Embalse,PENOL,626372000.0,2016-04-13
Embalse,PENOL,627188000.0,2016-04-14
Embalse,PENOL,627406000.0,2016-04-15
Embalse,PENOL,627875000.0,2016-04-16
Embalse,PENOL,628684000.0,2016-04-17
Embalse,PENOL,628791000.0,2016-04-18
Embalse,PENOL,628844000.0,2016-04-19
Embalse,PENOL,628844000.0,2016-04-20
Embalse,PENOL,628684000.0,2016-04-21
Embalse,PENOL,629144000.0,2016-04-22
Embalse,PENOL,628050000.0,2016-04-23
Embalse,PENOL,628006000.0,2016-04-24
Embalse,PENOL,628525000.0,2016-04-25
Embalse,PENOL,630425000.0,2016-04-26
Embalse,PENOL,632091000.0,2016-04-27
Embalse,PENOL,633719000.0,2016-04-28
Embalse,PENOL,635453000.0,2016-04-29
Embalse,PENOL,636644000.0,2016-04-30
Embalse,PENOL,638481000.0,2016-05-01
Embalse,PENOL,639900000.0,2016-05-02
Embalse,PENOL,640569000.0,2016-05-03
Embalse,PENOL,643012000.0,2016-05-04
Embalse,PENOL,642481000.0,2016-05-05
Embalse,PENOL,642912000.0,2016-05-06
Embalse,PENOL,643644000.0,2016-05-07
Embalse,PENOL,644469000.0,2016-05-08
Embalse,PENOL,647047000.0,2016-05-09
Embalse,PENOL,649069000.0,2016-05-10
Embalse,PENOL,650316000.0,2016-05-11
Embalse,PENOL,650275000.0,2016-05-12
Embalse,PENOL,649309000.0,2016-05-13
Embalse,PENOL,648412000.0,2016-05-14
Embalse,PENOL,647094000.0,2016-05-15
Embalse,PENOL,645200000.0,2016-05-16
Embalse,PENOL,646281000.0,2016-05-17
Embalse,PENOL,646212000.0,2016-05-18
Embalse,PENOL,644806000.0,2016-05-19
Embalse,PENOL,643203000.0,2016-05-20
Embalse,PENOL,641294000.0,2016-05-21
Embalse,PENOL,639156000.0,2016-05-22
Embalse,PENOL,636894000.0,2016-05-23
Embalse,PENOL,634556000.0,2016-05-24
Embalse,PENOL,633438000.0,2016-05-25
Embalse,PENOL,634781000.0,2016-05-26
Embalse,PENOL,635156000.0,2016-05-27
Embalse,PENOL,635312000.0,2016-05-28
Embalse,PENOL,634256000.0,2016-05-29
Embalse,PENOL,636391000.0,2016-05-30
Embalse,PENOL,639016000.0,2016-05-31
Embalse,PENOL,638069000.0,2016-06-01
Embalse,PENOL,636553000.0,2016-06-02
Embalse,PENOL,636944000.0,2016-06-03
Embalse,PENOL,637803000.0,2016-06-04
Embalse,PENOL,637775000.0,2016-06-05
Embalse,PENOL,637719000.0,2016-06-06
Embalse,PENOL,638412000.0,2016-06-07
Embalse,PENOL,637656000.0,2016-06-08
Embalse,PENOL,636088000.0,2016-06-09
Embalse,PENOL,635156000.0,2016-06-10
Embalse,PENOL,633819000.0,2016-06-11
Embalse,PENOL,632475000.0,2016-06-12
Embalse,PENOL,630512000.0,2016-06-13
Embalse,PENOL,629144000.0,2016-06-14
Embalse,PENOL,627641000.0,2016-06-15
Embalse,PENOL,624275000.0,2016-06-16
Embalse,PENOL,620594000.0,2016-06-17
Embalse,PENOL,617750000.0,2016-06-18
Embalse,PENOL,615253000.0,2016-06-19
Embalse,PENOL,612162000.0,2016-06-20
Embalse,PENOL,609212000.0,2016-06-21
Embalse,PENOL,606119000.0,2016-06-22
Embalse,PENOL,603150000.0,2016-06-23
Embalse,PENOL,600444000.0,2016-06-24
Embalse,PENOL,595778000.0,2016-06-25
Embalse,PENOL,592112000.0,2016-06-26
Embalse,PENOL,587062000.0,2016-06-27
Embalse,PENOL,583406000.0,2016-06-28
Embalse,PENOL,578150000.0,2016-06-29
Embalse,PENOL,572700000.0,2016-06-30
Embalse,PENOL,570494000.0,2016-07-01
Embalse,PENOL,565547000.0,2016-07-02
Embalse,PENOL,563738000.0,2016-07-03
Embalse,PENOL,560312000.0,2016-07-04
Embalse,PENOL,560375000.0,2016-07-05
Embalse,PENOL,561634000.0,2016-07-06
Embalse,PENOL,557612000.0,2016-07-07
Embalse,PENOL,558431000.0,2016-07-08
Embalse,PENOL,558625000.0,2016-07-09
Embalse,PENOL,556194000.0,2016-07-10
Embalse,PENOL,557981000.0,2016-07-11
Embalse,PENOL,554341000.0,2016-07-12
Embalse,PENOL,551966000.0,2016-07-13
Embalse,PENOL,552047000.0,2016-07-14
Embalse,PENOL,558466000.0,2016-07-15
Embalse,PENOL,562894000.0,2016-07-16
Embalse,PENOL,565144000.0,2016-07-17
Embalse,PENOL,567825000.0,2016-07-18
Embalse,PENOL,563988000.0,2016-07-19
Embalse,PENOL,561719000.0,2016-07-20
Embalse,PENOL,561466000.0,2016-07-21
Embalse,PENOL,557188000.0,2016-07-22
Embalse,PENOL,555044000.0,2016-07-23
Embalse,PENOL,551050000.0,2016-07-24
Embalse,PENOL,549488000.0,2016-07-25
Embalse,PENOL,544888000.0,2016-07-26
Embalse,PENOL,540616000.0,2016-07-27
Embalse,PENOL,535488000.0,2016-07-28
Embalse,PENOL,530850000.0,2016-07-29
Embalse,PENOL,528488000.0,2016-07-30
Embalse,PENOL,525366000.0,2016-07-31
Embalse,PENOL,523450000.0,2016-08-01
Embalse,PENOL,518969000.0,2016-08-02
Embalse,PENOL,516512000.0,2016-08-03
Embalse,PENOL,511888000.0,2016-08-04
Embalse,PENOL,507156000.0,2016-08-05
Embalse,PENOL,504288000.0,2016-08-06
Embalse,PENOL,501025000.0,2016-08-07
Embalse,PENOL,498931000.0,2016-08-08
Embalse,PENOL,496288000.0,2016-08-09
Embalse,PENOL,492375000.0,2016-08-10
Embalse,PENOL,491062000.0,2016-08-11
Embalse,PENOL,487975000.0,2016-08-12
Embalse,PENOL,488419000.0,2016-08-13
Embalse,PENOL,485162000.0,2016-08-14
Embalse,PENOL,484219000.0,2016-08-15
Embalse,PENOL,485562000.0,2016-08-16
Embalse,PENOL,487919000.0,2016-08-17
Embalse,PENOL,484694000.0,2016-08-18
Embalse,PENOL,484694000.0,2016-08-19
Embalse,PENOL,483416000.0,2016-08-20
Embalse,PENOL,481769000.0,2016-08-21
Embalse,PENOL,480219000.0,2016-08-22
Embalse,PENOL,478684000.0,2016-08-23
Embalse,PENOL,476975000.0,2016-08-24
Embalse,PENOL,472719000.0,2016-08-25
Embalse,PENOL,468688000.0,2016-08-26
Embalse,PENOL,468056000.0,2016-08-27
Embalse,PENOL,468862000.0,2016-08-28
Embalse,PENOL,464325000.0,2016-08-29
Embalse,PENOL,464494000.0,2016-08-30
Embalse,PENOL,464606000.0,2016-08-31
Embalse,PENOL,466562000.0,2016-09-01
Embalse,PENOL,464075000.0,2016-09-02
Embalse,PENOL,464409000.0,2016-09-03
Embalse,PENOL,467450000.0,2016-09-04
Embalse,PENOL,469125000.0,2016-09-05
Embalse,PENOL,471956000.0,2016-09-06
Embalse,PENOL,473856000.0,2016-09-07
Embalse,PENOL,475531000.0,2016-09-08
Embalse,PENOL,475500000.0,2016-09-09
Embalse,PENOL,480406000.0,2016-09-10
Embalse,PENOL,487609000.0,2016-09-11
Embalse,PENOL,493181000.0,2016-09-12
Embalse,PENOL,498462000.0,2016-09-13
Embalse,PENOL,505250000.0,2016-09-14
Embalse,PENOL,514388000.0,2016-09-15
Embalse,PENOL,518166000.0,2016-09-16
Embalse,PENOL,518925000.0,2016-09-17
Embalse,PENOL,516806000.0,2016-09-18
Embalse,PENOL,517522000.0,2016-09-19
Embalse,PENOL,517278000.0,2016-09-20
Embalse,PENOL,517900000.0,2016-09-21
Embalse,PENOL,517562000.0,2016-09-22
Embalse,PENOL,517156000.0,2016-09-23
Embalse,PENOL,516806000.0,2016-09-24
Embalse,PENOL,520006000.0,2016-09-25
Embalse,PENOL,523831000.0,2016-09-26
Embalse,PENOL,528606000.0,2016-09-27
Embalse,PENOL,529625000.0,2016-09-28
Embalse,PENOL,532222000.0,2016-09-29
Embalse,PENOL,535522000.0,2016-09-30
Embalse,PENOL,540112000.0,2016-10-01
Embalse,PENOL,544916000.0,2016-10-02
Embalse,PENOL,543406000.0,2016-10-03
Embalse,PENOL,542406000.0,2016-10-04
Embalse,PENOL,540934000.0,2016-10-05
Embalse,PENOL,538975000.0,2016-10-06
Embalse,PENOL,539725000.0,2016-10-07
Embalse,PENOL,540562000.0,2016-10-08
Embalse,PENOL,544719000.0,2016-10-09
Embalse,PENOL,551050000.0,2016-10-10
Embalse,PENOL,556988000.0,2016-10-11
Embalse,PENOL,564478000.0,2016-10-12
Embalse,PENOL,569438000.0,2016-10-13
Embalse,PENOL,581703000.0,2016-10-14
Embalse,PENOL,587125000.0,2016-10-15
Embalse,PENOL,593762000.0,2016-10-16
Embalse,PENOL,599688000.0,2016-10-17
Embalse,PENOL,604469000.0,2016-10-18
Embalse,PENOL,606031000.0,2016-10-19
Embalse,PENOL,610328000.0,2016-10-20
Embalse,PENOL,615294000.0,2016-10-21
Embalse,PENOL,619112000.0,2016-10-22
Embalse,PENOL,620094000.0,2016-10-23
Embalse,PENOL,619025000.0,2016-10-24
Embalse,PENOL,624116000.0,2016-10-25
Embalse,PENOL,626200000.0,2016-10-26
Embalse,PENOL,629672000.0,2016-10-27
Embalse,PENOL,632091000.0,2016-10-28
Embalse,PENOL,639941000.0,2016-10-29
Embalse,PENOL,644281000.0,2016-10-30
Embalse,PENOL,648456000.0,2016-10-31
Embalse,PENOL,653681000.0,2016-11-01
Embalse,PENOL,658172000.0,2016-11-02
Embalse,PENOL,662612000.0,2016-11-03
Embalse,PENOL,666919000.0,2016-11-04
Embalse,PENOL,669100000.0,2016-11-05
Embalse,PENOL,669203000.0,2016-11-06
Embalse,PENOL,672319000.0,2016-11-07
Embalse,PENOL,677544000.0,2016-11-08
Embalse,PENOL,681125000.0,2016-11-09
Embalse,PENOL,685569000.0,2016-11-10
Embalse,PENOL,685775000.0,2016-11-11
Embalse,PENOL,686688000.0,2016-11-12
Embalse,PENOL,686050000.0,2016-11-13
Embalse,PENOL,694341000.0,2016-11-14
Embalse,PENOL,693731000.0,2016-11-15
Embalse,PENOL,702425000.0,2016-11-16
Embalse,PENOL,708656000.0,2016-11-17
Embalse,PENOL,714656000.0,2016-11-18
Embalse,PENOL,721562000.0,2016-11-19
Embalse,PENOL,727744000.0,2016-11-20
Embalse,PENOL,731688000.0,2016-11-21
Embalse,PENOL,735606000.0,2016-11-22
Embalse,PENOL,738919000.0,2016-11-23
Embalse,PENOL,743894000.0,2016-11-24
Embalse,PENOL,751781000.0,2016-11-25
Embalse,PENOL,757328000.0,2016-11-26
Embalse,PENOL,762781000.0,2016-11-27
Embalse,PENOL,769262000.0,2016-11-28
Embalse,PENOL,775178000.0,2016-11-29
Embalse,PENOL,779550000.0,2016-11-30
Embalse,PENOL,786256000.0,2016-12-01
Embalse,PENOL,792581000.0,2016-12-02
Embalse,PENOL,797625000.0,2016-12-03
Embalse,PENOL,802828000.0,2016-12-04
Embalse,PENOL,807034000.0,2016-12-05
Embalse,PENOL,812094000.0,2016-12-06
Embalse,PENOL,819131000.0,2016-12-07
Embalse,PENOL,825641000.0,2016-12-08
Embalse,PENOL,828669000.0,2016-12-09
Embalse,PENOL,834962000.0,2016-12-10
Embalse,PENOL,840547000.0,2016-12-11
Embalse,PENOL,843956000.0,2016-12-12
Embalse,PENOL,848844000.0,2016-12-13
Embalse,PENOL,853094000.0,2016-12-14
Embalse,PENOL,856812000.0,2016-12-15
Embalse,PENOL,860312000.0,2016-12-16
Embalse,PENOL,863834000.0,2016-12-17
Embalse,PENOL,869022000.0,2016-12-18
Embalse,PENOL,871262000.0,2016-12-19
Embalse,PENOL,874106000.0,2016-12-20
Embalse,PENOL,879056000.0,2016-12-21
Embalse,PENOL,883191000.0,2016-12-22
Embalse,PENOL,887875000.0,2016-12-23
Embalse,PENOL,893156000.0,2016-12-24
Embalse,PENOL,897012000.0,2016-12-25
Embalse,PENOL,900400000.0,2016-12-26
Embalse,PENOL,905906000.0,2016-12-27
Embalse,PENOL,908762000.0,2016-12-28
Embalse,PENOL,906419000.0,2016-12-29
Embalse,PENOL,902300000.0,2016-12-30
Embalse,PENOL,901212000.0,2016-12-31
Embalse,PENOL,899850000.0,2017-01-01
Embalse,PENOL,899569000.0,2017-01-02
Embalse,PENOL,895381000.0,2017-01-03
Embalse,PENOL,890609000.0,2017-01-04
Embalse,PENOL,887256000.0,2017-01-05
Embalse,PENOL,882950000.0,2017-01-06
Embalse,PENOL,881212000.0,2017-01-07
Embalse,PENOL,879969000.0,2017-01-08
Embalse,PENOL,876688000.0,2017-01-09
Embalse,PENOL,873406000.0,2017-01-10
Embalse,PENOL,869706000.0,2017-01-11
Embalse,PENOL,867259000.0,2017-01-12
Embalse,PENOL,867062000.0,2017-01-13
Embalse,PENOL,868056000.0,2017-01-14
Embalse,PENOL,864075000.0,2017-01-15
Embalse,PENOL,860588000.0,2017-01-16
Embalse,PENOL,859325000.0,2017-01-17
Embalse,PENOL,860544000.0,2017-01-18
Embalse,PENOL,862778000.0,2017-01-19
Embalse,PENOL,863662000.0,2017-01-20
Embalse,PENOL,862588000.0,2017-01-21
Embalse,PENOL,858797000.0,2017-01-22
Embalse,PENOL,854944000.0,2017-01-23
Embalse,PENOL,850262000.0,2017-01-24
Embalse,PENOL,847400000.0,2017-01-25
Embalse,PENOL,843591000.0,2017-01-26
Embalse,PENOL,843019000.0,2017-01-27
Embalse,PENOL,839188000.0,2017-01-28
Embalse,PENOL,835625000.0,2017-01-29
Embalse,PENOL,833141000.0,2017-01-30
Embalse,PENOL,829238000.0,2017-01-31
Embalse,PENOL,829325000.0,2017-02-01
Embalse,PENOL,825484000.0,2017-02-02
Embalse,PENOL,823738000.0,2017-02-03
Embalse,PENOL,821906000.0,2017-02-04
Embalse,PENOL,822031000.0,2017-02-05
Embalse,PENOL,870194000.0,2017-02-06
Embalse,PENOL,865154000.0,2017-02-07
Embalse,PENOL,860004000.0,2017-02-08
Embalse,PENOL,856433000.0,2017-02-09
Embalse,PENOL,851718000.0,2017-02-10
Embalse,PENOL,850166000.0,2017-02-11
Embalse,PENOL,849649000.0,2017-02-12
Embalse,PENOL,845918000.0,2017-02-13
Embalse,PENOL,841231000.0,2017-02-14
Embalse,PENOL,837011000.0,2017-02-15
Embalse,PENOL,832055000.0,2017-02-16
Embalse,PENOL,830525000.0,2017-02-17
Embalse,PENOL,825985000.0,2017-02-18
Embalse,PENOL,824228000.0,2017-02-19
Embalse,PENOL,821519000.0,2017-02-20
Embalse,PENOL,816831000.0,2017-02-21
Embalse,PENOL,812556000.0,2017-02-22
Embalse,PENOL,810194000.0,2017-02-23
Embalse,PENOL,809133000.0,2017-02-24
Embalse,PENOL,809302000.0,2017-02-25
Embalse,PENOL,808067000.0,2017-02-26
Embalse,PENOL,804590000.0,2017-02-27
Embalse,PENOL,803414000.0,2017-02-28
Embalse,PENOL,799730000.0,2017-03-01
Embalse,PENOL,795827000.0,2017-03-02
Embalse,PENOL,792268000.0,2017-03-03
Embalse,PENOL,791656000.0,2017-03-04
Embalse,PENOL,791155000.0,2017-03-05
Embalse,PENOL,791100000.0,2017-03-06
Embalse,PENOL,790155000.0,2017-03-07
Embalse,PENOL,792268000.0,2017-03-08
Embalse,PENOL,793213000.0,2017-03-09
Embalse,PENOL,791322000.0,2017-03-10
Embalse,PENOL,790433000.0,2017-03-11
Embalse,PENOL,788989000.0,2017-03-12
Embalse,PENOL,787164000.0,2017-03-13
Embalse,PENOL,789600000.0,2017-03-14
Embalse,PENOL,796884000.0,2017-03-15
Embalse,PENOL,802190000.0,2017-03-16
Embalse,PENOL,805991000.0,2017-03-17
Embalse,PENOL,809581000.0,2017-03-18
Embalse,PENOL,812893000.0,2017-03-19
Embalse,PENOL,816384000.0,2017-03-20
Embalse,PENOL,813850000.0,2017-03-21
Embalse,PENOL,811824000.0,2017-03-22
Embalse,PENOL,816273000.0,2017-03-23
Embalse,PENOL,818072000.0,2017-03-24
Embalse,PENOL,824738000.0,2017-03-25
Embalse,PENOL,839173000.0,2017-03-26
Embalse,PENOL,847639000.0,2017-03-27
Embalse,PENOL,853379000.0,2017-03-28
Embalse,PENOL,860987000.0,2017-03-29
Embalse,PENOL,870252000.0,2017-03-30
Embalse,PENOL,885405000.0,2017-03-31
Embalse,PENOL,898261000.0,2017-04-01
Embalse,PENOL,908066000.0,2017-04-02
Embalse,PENOL,913339000.0,2017-04-03
Embalse,PENOL,912033000.0,2017-04-04
Embalse,PENOL,910022000.0,2017-04-05
Embalse,PENOL,907533000.0,2017-04-06
Embalse,PENOL,906348000.0,2017-04-07
Embalse,PENOL,904692000.0,2017-04-08
Embalse,PENOL,905224000.0,2017-04-09
Embalse,PENOL,902864000.0,2017-04-10
Embalse,PENOL,900503000.0,2017-04-11
Embalse,PENOL,899677000.0,2017-04-12
Embalse,PENOL,903745000.0,2017-04-13
Embalse,PENOL,908955000.0,2017-04-14
Embalse,PENOL,905816000.0,2017-04-15
Embalse,PENOL,908777000.0,2017-04-16
Embalse,PENOL,907533000.0,2017-04-17
Embalse,PENOL,908422000.0,2017-04-18
Embalse,PENOL,905757000.0,2017-04-19
Embalse,PENOL,904041000.0,2017-04-20
Embalse,PENOL,900503000.0,2017-04-21
Embalse,PENOL,903331000.0,2017-04-22
Embalse,PENOL,906348000.0,2017-04-23
Embalse,PENOL,902629000.0,2017-04-24
Embalse,PENOL,900916000.0,2017-04-25
Embalse,PENOL,900798000.0,2017-04-26
Embalse,PENOL,904573000.0,2017-04-27
Embalse,PENOL,907533000.0,2017-04-28
Embalse,PENOL,910260000.0,2017-04-29
Embalse,PENOL,913280000.0,2017-04-30
Embalse,PENOL,919042000.0,2017-05-01
Embalse,PENOL,921904000.0,2017-05-02
Embalse,PENOL,920651000.0,2017-05-03
Embalse,PENOL,919817000.0,2017-05-04
Embalse,PENOL,923216000.0,2017-05-05
Embalse,PENOL,934212000.0,2017-05-06
Embalse,PENOL,945574000.0,2017-05-07
Embalse,PENOL,958808000.0,2017-05-08
Embalse,PENOL,966945000.0,2017-05-09
Embalse,PENOL,980362000.0,2017-05-10
Embalse,PENOL,987527000.0,2017-05-11
Embalse,PENOL,996497000.0,2017-05-12
Embalse,PENOL,1001670000.0,2017-05-13
Embalse,PENOL,1007537000.0,2017-05-14
Embalse,PENOL,1010871000.0,2017-05-15
Embalse,PENOL,1015952000.0,2017-05-16
Embalse,PENOL,1017743000.0,2017-05-17
Embalse,PENOL,1025502000.0,2017-05-18
Embalse,PENOL,1031231000.0,2017-05-19
Embalse,PENOL,1041268000.0,2017-05-20
Embalse,PENOL,1046212000.0,2017-05-21
Embalse,PENOL,1048899000.0,2017-05-22
Embalse,PENOL,1049213000.0,2017-05-23
Embalse,PENOL,1049401000.0,2017-05-24
Embalse,PENOL,1049965000.0,2017-05-25
Embalse,PENOL,1049777000.0,2017-05-26
Embalse,PENOL,1048586000.0,2017-05-27
Embalse,PENOL,1045649000.0,2017-05-28
Embalse,PENOL,1045461000.0,2017-05-29
Embalse,PENOL,1051471000.0,2017-05-30
Embalse,PENOL,1051973000.0,2017-05-31
Embalse,PENOL,1051408000.0,2017-06-01
Embalse,PENOL,1051220000.0,2017-06-02
Embalse,PENOL,1048212000.0,2017-06-03
Embalse,PENOL,1044710000.0,2017-06-04
Embalse,PENOL,1042519000.0,2017-06-05
Embalse,PENOL,1038900000.0,2017-06-06
Embalse,PENOL,1037588000.0,2017-06-07
Embalse,PENOL,1041080000.0,2017-06-08
Embalse,PENOL,1041518000.0,2017-06-09
Embalse,PENOL,1042707000.0,2017-06-10
Embalse,PENOL,1044897000.0,2017-06-11
Embalse,PENOL,1047152000.0,2017-06-12
Embalse,PENOL,1046087000.0,2017-06-13
Embalse,PENOL,1045586000.0,2017-06-14
Embalse,PENOL,1049150000.0,2017-06-15
Embalse,PENOL,1050655000.0,2017-06-16
Embalse,PENOL,1051847000.0,2017-06-17
Embalse,PENOL,1054170000.0,2017-06-18
Embalse,PENOL,1058373000.0,2017-06-19
Embalse,PENOL,1057870000.0,2017-06-20
Embalse,PENOL,1058310000.0,2017-06-21
Embalse,PENOL,1058939000.0,2017-06-22
Embalse,PENOL,1058562000.0,2017-06-23
Embalse,PENOL,1054861000.0,2017-06-24
Embalse,PENOL,1055735000.0,2017-06-25
Embalse,PENOL,1056110000.0,2017-06-26
Embalse,PENOL,1060197000.0,2017-06-27
Embalse,PENOL,1062022000.0,2017-06-28
Embalse,PENOL,1060574000.0,2017-06-29
Embalse,PENOL,1061393000.0,2017-06-30
Embalse,PENOL,1059882000.0,2017-07-01
Embalse,PENOL,1057241000.0,2017-07-02
Embalse,PENOL,1055735000.0,2017-07-03
Embalse,PENOL,1053040000.0,2017-07-04
Embalse,PENOL,1051345000.0,2017-07-05
Embalse,PENOL,1048962000.0,2017-07-06
Embalse,PENOL,1046212000.0,2017-07-07
Embalse,PENOL,1047340000.0,2017-07-08
Embalse,PENOL,1048150000.0,2017-07-09
Embalse,PENOL,1048150000.0,2017-07-10
Embalse,PENOL,1047152000.0,2017-07-11
Embalse,PENOL,1044647000.0,2017-07-12
Embalse,PENOL,1043833000.0,2017-07-13
Embalse,PENOL,1042832000.0,2017-07-14
Embalse,PENOL,1041581000.0,2017-07-15
Embalse,PENOL,1039338000.0,2017-07-16
Embalse,PENOL,1038275000.0,2017-07-17
Embalse,PENOL,1040455000.0,2017-07-18
Embalse,PENOL,1039213000.0,2017-07-19
Embalse,PENOL,1039338000.0,2017-07-20
Embalse,PENOL,1037900000.0,2017-07-21
Embalse,PENOL,1033968000.0,2017-07-22
Embalse,PENOL,1030608000.0,2017-07-23
Embalse,PENOL,1025938000.0,2017-07-24
Embalse,PENOL,1021593000.0,2017-07-25
Embalse,PENOL,1019109000.0,2017-07-26
Embalse,PENOL,1015394000.0,2017-07-27
Embalse,PENOL,1011676000.0,2017-07-28
Embalse,PENOL,1007352000.0,2017-07-29
Embalse,PENOL,1003644000.0,2017-07-30
Embalse,PENOL,998715000.0,2017-07-31
Embalse,PENOL,994404000.0,2017-08-01
Embalse,PENOL,991950000.0,2017-08-02
Embalse,PENOL,987649000.0,2017-08-03
Embalse,PENOL,985816000.0,2017-08-04
Embalse,PENOL,980913000.0,2017-08-05
Embalse,PENOL,976637000.0,2017-08-06
Embalse,PENOL,973583000.0,2017-08-07
Embalse,PENOL,971752000.0,2017-08-08
Embalse,PENOL,972362000.0,2017-08-09
Embalse,PENOL,971142000.0,2017-08-10
Embalse,PENOL,973583000.0,2017-08-11
Embalse,PENOL,975415000.0,2017-08-12
Embalse,PENOL,971752000.0,2017-08-13
Embalse,PENOL,971142000.0,2017-08-14
Embalse,PENOL,971752000.0,2017-08-15
Embalse,PENOL,968711000.0,2017-08-16
Embalse,PENOL,964450000.0,2017-08-17
Embalse,PENOL,961418000.0,2017-08-18
Embalse,PENOL,962634000.0,2017-08-19
Embalse,PENOL,958990000.0,2017-08-20
Embalse,PENOL,954754000.0,2017-08-21
Embalse,PENOL,952333000.0,2017-08-22
Embalse,PENOL,947505000.0,2017-08-23
Embalse,PENOL,946902000.0,2017-08-24
Embalse,PENOL,942079000.0,2017-08-25
Embalse,PENOL,943886000.0,2017-08-26
Embalse,PENOL,944489000.0,2017-08-27
Embalse,PENOL,942681000.0,2017-08-28
Embalse,PENOL,945695000.0,2017-08-29
Embalse,PENOL,942681000.0,2017-08-30
Embalse,PENOL,942200000.0,2017-08-31
Embalse,PENOL,937996000.0,2017-09-01
Embalse,PENOL,937034000.0,2017-09-02
Embalse,PENOL,936013000.0,2017-09-03
Embalse,PENOL,932540000.0,2017-09-04
Embalse,PENOL,935653000.0,2017-09-05
Embalse,PENOL,937395000.0,2017-09-06
Embalse,PENOL,935473000.0,2017-09-07
Embalse,PENOL,937274000.0,2017-09-08
Embalse,PENOL,936674000.0,2017-09-09
Embalse,PENOL,936073000.0,2017-09-10
Embalse,PENOL,934872000.0,2017-09-11
Embalse,PENOL,935473000.0,2017-09-12
Embalse,PENOL,936674000.0,2017-09-13
Embalse,PENOL,939078000.0,2017-09-14
Embalse,PENOL,940281000.0,2017-09-15
Embalse,PENOL,945092000.0,2017-09-16
Embalse,PENOL,947505000.0,2017-09-17
Embalse,PENOL,948706000.0,2017-09-18
Embalse,PENOL,946902000.0,2017-09-19
Embalse,PENOL,950518000.0,2017-09-20
Embalse,PENOL,951123000.0,2017-09-21
Embalse,PENOL,952938000.0,2017-09-22
Embalse,PENOL,956564000.0,2017-09-23
Embalse,PENOL,957170000.0,2017-09-24
Embalse,PENOL,955360000.0,2017-09-25
Embalse,PENOL,955958000.0,2017-09-26
Embalse,PENOL,955360000.0,2017-09-27
Embalse,PENOL,951728000.0,2017-09-28
Embalse,PENOL,949310000.0,2017-09-29
Embalse,PENOL,949310000.0,2017-09-30
Embalse,PENOL,950518000.0,2017-10-01
Embalse,PENOL,953543000.0,2017-10-02
Embalse,PENOL,954148000.0,2017-10-03
Embalse,PENOL,952938000.0,2017-10-04
Embalse,PENOL,952333000.0,2017-10-05
Embalse,PENOL,955958000.0,2017-10-06
Embalse,PENOL,959597000.0,2017-10-07
Embalse,PENOL,963234000.0,2017-10-08
Embalse,PENOL,960204000.0,2017-10-09
Embalse,PENOL,957170000.0,2017-10-10
Embalse,PENOL,957777000.0,2017-10-11
Embalse,PENOL,957170000.0,2017-10-12
Embalse,PENOL,954754000.0,2017-10-13
Embalse,PENOL,955958000.0,2017-10-14
Embalse,PENOL,955958000.0,2017-10-15
Embalse,PENOL,951728000.0,2017-10-16
Embalse,PENOL,947505000.0,2017-10-17
Embalse,PENOL,943284000.0,2017-10-18
Embalse,PENOL,939078000.0,2017-10-19
Embalse,PENOL,940281000.0,2017-10-20
Embalse,PENOL,937875000.0,2017-10-21
Embalse,PENOL,934272000.0,2017-10-22
Embalse,PENOL,930084000.0,2017-10-23
Embalse,PENOL,928887000.0,2017-10-24
Embalse,PENOL,924112000.0,2017-10-25
Embalse,PENOL,926494000.0,2017-10-26
Embalse,PENOL,923515000.0,2017-10-27
Embalse,PENOL,925897000.0,2017-10-28
Embalse,PENOL,922918000.0,2017-10-29
Embalse,PENOL,919936000.0,2017-10-30
Embalse,PENOL,918149000.0,2017-10-31
Embalse,PENOL,915181000.0,2017-11-01
Embalse,PENOL,915181000.0,2017-11-02
Embalse,PENOL,913993000.0,2017-11-03
Embalse,PENOL,916371000.0,2017-11-04
Embalse,PENOL,916966000.0,2017-11-05
Embalse,PENOL,916371000.0,2017-11-06
Embalse,PENOL,912211000.0,2017-11-07
Embalse,PENOL,908659000.0,2017-11-08
Embalse,PENOL,904514000.0,2017-11-09
Embalse,PENOL,905697000.0,2017-11-10
Embalse,PENOL,902157000.0,2017-11-11
Embalse,PENOL,898025000.0,2017-11-12
Embalse,PENOL,893910000.0,2017-11-13
Embalse,PENOL,890383000.0,2017-11-14
Embalse,PENOL,890383000.0,2017-11-15
Embalse,PENOL,890383000.0,2017-11-16
Embalse,PENOL,890970000.0,2017-11-17
Embalse,PENOL,896257000.0,2017-11-18
Embalse,PENOL,900975000.0,2017-11-19
Embalse,PENOL,899795000.0,2017-11-20
Embalse,PENOL,897436000.0,2017-11-21
Embalse,PENOL,896846000.0,2017-11-22
Embalse,PENOL,898025000.0,2017-11-23
Embalse,PENOL,895676000.0,2017-11-24
Embalse,PENOL,896257000.0,2017-11-25
Embalse,PENOL,895087000.0,2017-11-26
Embalse,PENOL,890970000.0,2017-11-27
Embalse,PENOL,889796000.0,2017-11-28
Embalse,PENOL,885698000.0,2017-11-29
Embalse,PENOL,883941000.0,2017-11-30
Embalse,PENOL,879856000.0,2017-12-01
Embalse,PENOL,876355000.0,2017-12-02
Embalse,PENOL,875190000.0,2017-12-03
Embalse,PENOL,874025000.0,2017-12-04
Embalse,PENOL,871705000.0,2017-12-05
Embalse,PENOL,867640000.0,2017-12-06
Embalse,PENOL,863590000.0,2017-12-07
Embalse,PENOL,864169000.0,2017-12-08
Embalse,PENOL,866487000.0,2017-12-09
Embalse,PENOL,865327000.0,2017-12-10
Embalse,PENOL,863011000.0,2017-12-11
Embalse,PENOL,864169000.0,2017-12-12
Embalse,PENOL,865907000.0,2017-12-13
Embalse,PENOL,865327000.0,2017-12-14
Embalse,PENOL,861854000.0,2017-12-15
Embalse,PENOL,857817000.0,2017-12-16
Embalse,PENOL,853207000.0,2017-12-17
Embalse,PENOL,848615000.0,2017-12-18
Embalse,PENOL,844607000.0,2017-12-19
Embalse,PENOL,841745000.0,2017-12-20
Embalse,PENOL,838317000.0,2017-12-21
Embalse,PENOL,837182000.0,2017-12-22
Embalse,PENOL,836042000.0,2017-12-23
Embalse,PENOL,834902000.0,2017-12-24
Embalse,PENOL,831486000.0,2017-12-25
Embalse,PENOL,829788000.0,2017-12-26
Embalse,PENOL,827517000.0,2017-12-27
Embalse,PENOL,826949000.0,2017-12-28
Embalse,PENOL,824682000.0,2017-12-29
Embalse,PENOL,820727000.0,2017-12-30
Embalse,PENOL,816774000.0,2017-12-31
Embalse,PENOL,812837000.0,2018-01-01
Embalse,PENOL,812274000.0,2018-01-02
Embalse,PENOL,810025000.0,2018-01-03
Embalse,PENOL,808909000.0,2018-01-04
Embalse,PENOL,807786000.0,2018-01-05
Embalse,PENOL,804422000.0,2018-01-06
Embalse,PENOL,801072000.0,2018-01-07
Embalse,PENOL,796047000.0,2018-01-08
Embalse,PENOL,794382000.0,2018-01-09
Embalse,PENOL,793436000.0,2018-01-10
Embalse,PENOL,793714000.0,2018-01-11
Embalse,PENOL,794216000.0,2018-01-12
Embalse,PENOL,790878000.0,2018-01-13
Embalse,PENOL,788329000.0,2018-01-14
Embalse,PENOL,786111000.0,2018-01-15
Embalse,PENOL,782180000.0,2018-01-16
Embalse,PENOL,782180000.0,2018-01-17
Embalse,PENOL,784394000.0,2018-01-18
Embalse,PENOL,786610000.0,2018-01-19
Embalse,PENOL,787719000.0,2018-01-20
Embalse,PENOL,787719000.0,2018-01-21
Embalse,PENOL,783840000.0,2018-01-22
Embalse,PENOL,784394000.0,2018-01-23
Embalse,PENOL,783840000.0,2018-01-24
Embalse,PENOL,782180000.0,2018-01-25
Embalse,PENOL,778320000.0,2018-01-26
Embalse,PENOL,777768000.0,2018-01-27
Embalse,PENOL,778320000.0,2018-01-28
Embalse,PENOL,775563000.0,2018-01-29
Embalse,PENOL,776114000.0,2018-01-30
Embalse,PENOL,775012000.0,2018-01-31
Embalse,PENOL,771168000.0,2018-02-01
Embalse,PENOL,767332000.0,2018-02-02
Embalse,PENOL,766235000.0,2018-02-03
Embalse,PENOL,765687000.0,2018-02-04
Embalse,PENOL,763497000.0,2018-02-05
Embalse,PENOL,759677000.0,2018-02-06
Embalse,PENOL,755859000.0,2018-02-07
Embalse,PENOL,751512000.0,2018-02-08
Embalse,PENOL,749883000.0,2018-02-09
Embalse,PENOL,748797000.0,2018-02-10
Embalse,PENOL,746634000.0,2018-02-11
Embalse,PENOL,745009000.0,2018-02-12
Embalse,PENOL,742304000.0,2018-02-13
Embalse,PENOL,737991000.0,2018-02-14
Embalse,PENOL,733689000.0,2018-02-15
Embalse,PENOL,729392000.0,2018-02-16
Embalse,PENOL,726183000.0,2018-02-17
Embalse,PENOL,722439000.0,2018-02-18
Embalse,PENOL,720837000.0,2018-02-19
Embalse,PENOL,719244000.0,2018-02-20
Embalse,PENOL,716580000.0,2018-02-21
Embalse,PENOL,716580000.0,2018-02-22
Embalse,PENOL,714453000.0,2018-02-23
Embalse,PENOL,712335000.0,2018-02-24
Embalse,PENOL,708624000.0,2018-02-25
Embalse,PENOL,704929000.0,2018-02-26
Embalse,PENOL,701763000.0,2018-02-27
Embalse,PENOL,697032000.0,2018-02-28
Embalse,PENOL,691269000.0,2018-03-01
Embalse,PENOL,688132000.0,2018-03-02
Embalse,PENOL,683548000.0,2018-03-03
Embalse,PENOL,678770000.0,2018-03-04
Embalse,PENOL,678770000.0,2018-03-05
Embalse,PENOL,677214000.0,2018-03-06
Embalse,PENOL,673077000.0,2018-03-07
Embalse,PENOL,667405000.0,2018-03-08
Embalse,PENOL,662262000.0,2018-03-09
Embalse,PENOL,657144000.0,2018-03-10
Embalse,PENOL,651536000.0,2018-03-11
Embalse,PENOL,645951000.0,2018-03-12
Embalse,PENOL,641906000.0,2018-03-13
Embalse,PENOL,637362000.0,2018-03-14
Embalse,PENOL,633343000.0,2018-03-15
Embalse,PENOL,629336000.0,2018-03-16
Embalse,PENOL,623844000.0,2018-03-17
Embalse,PENOL,619861000.0,2018-03-18
Embalse,PENOL,618370000.0,2018-03-19
Embalse,PENOL,617384000.0,2018-03-20
Embalse,PENOL,614410000.0,2018-03-21
Embalse,PENOL,611937000.0,2018-03-22
Embalse,PENOL,610462000.0,2018-03-23
Embalse,PENOL,606521000.0,2018-03-24
Embalse,PENOL,603089000.0,2018-03-25
Embalse,PENOL,598201000.0,2018-03-26
Embalse,PENOL,592848000.0,2018-03-27
Embalse,PENOL,587517000.0,2018-03-28
Embalse,PENOL,586074000.0,2018-03-29
Embalse,PENOL,581740000.0,2018-03-30
Embalse,PENOL,581740000.0,2018-03-31
Embalse,PENOL,582221000.0,2018-04-01
Embalse,PENOL,584145000.0,2018-04-02
Embalse,PENOL,584627000.0,2018-04-03
Embalse,PENOL,583664000.0,2018-04-04
Embalse,PENOL,584627000.0,2018-04-05
Embalse,PENOL,586557000.0,2018-04-06
Embalse,PENOL,586074000.0,2018-04-07
Embalse,PENOL,585109000.0,2018-04-08
Embalse,PENOL,586074000.0,2018-04-09
Embalse,PENOL,586557000.0,2018-04-10
Embalse,PENOL,588484000.0,2018-04-11
Embalse,PENOL,592363000.0,2018-04-12
Embalse,PENOL,597225000.0,2018-04-13
Embalse,PENOL,599661000.0,2018-04-14
Embalse,PENOL,598690000.0,2018-04-15
Embalse,PENOL,598201000.0,2018-04-16
Embalse,PENOL,597225000.0,2018-04-17
Embalse,PENOL,595762000.0,2018-04-18
Embalse,PENOL,598690000.0,2018-04-19
Embalse,PENOL,598690000.0,2018-04-20
Embalse,PENOL,595762000.0,2018-04-21
Embalse,PENOL,596737000.0,2018-04-22
Embalse,PENOL,596737000.0,2018-04-23
Embalse,PENOL,597225000.0,2018-04-24
Embalse,PENOL,599661000.0,2018-04-25
Embalse,PENOL,599178000.0,2018-04-26
Embalse,PENOL,607013000.0,2018-04-27
Embalse,PENOL,611937000.0,2018-04-28
Embalse,PENOL,622349000.0,2018-04-29
Embalse,PENOL,628835000.0,2018-04-30
Embalse,PENOL,634851000.0,2018-05-01
Embalse,PENOL,639885000.0,2018-05-02
Embalse,PENOL,644937000.0,2018-05-03
Embalse,PENOL,652555000.0,2018-05-04
Embalse,PENOL,658168000.0,2018-05-05
Embalse,PENOL,664317000.0,2018-05-06
Embalse,PENOL,672043000.0,2018-05-07
Embalse,PENOL,683964000.0,2018-05-08
Embalse,PENOL,696507000.0,2018-05-09
Embalse,PENOL,709154000.0,2018-05-10
Embalse,PENOL,715516000.0,2018-05-11
Embalse,PENOL,723508000.0,2018-05-12
Embalse,PENOL,734220000.0,2018-05-13
Embalse,PENOL,747712000.0,2018-05-14
Embalse,PENOL,761310000.0,2018-05-15
Embalse,PENOL,770618000.0,2018-05-16
Embalse,PENOL,779976000.0,2018-05-17
Embalse,PENOL,790488000.0,2018-05-18
Embalse,PENOL,806664000.0,2018-05-19
Embalse,PENOL,821858000.0,2018-05-20
Embalse,PENOL,836042000.0,2018-05-21
Embalse,PENOL,846320000.0,2018-05-22
Embalse,PENOL,855510000.0,2018-05-23
Embalse,PENOL,861854000.0,2018-05-24
Embalse,PENOL,867640000.0,2018-05-25
Embalse,PENOL,872868000.0,2018-05-26
Embalse,PENOL,889209000.0,2018-05-27
Embalse,PENOL,903331000.0,2018-05-28
Embalse,PENOL,911024000.0,2018-05-29
Embalse,PENOL,917561000.0,2018-05-30
Embalse,PENOL,922918000.0,2018-05-31
Embalse,PENOL,928887000.0,2018-06-01
Embalse,PENOL,937274000.0,2018-06-02
Embalse,PENOL,946902000.0,2018-06-03
Embalse,PENOL,954148000.0,2018-06-04
Embalse,PENOL,958383000.0,2018-06-05
Embalse,PENOL,958383000.0,2018-06-06
Embalse,PENOL,955958000.0,2018-06-07
Embalse,PENOL,952938000.0,2018-06-08
Embalse,PENOL,949310000.0,2018-06-09
Embalse,PENOL,945695000.0,2018-06-10
Embalse,PENOL,945092000.0,2018-06-11
Embalse,PENOL,945092000.0,2018-06-12
Embalse,PENOL,941477000.0,2018-06-13
Embalse,PENOL,939679000.0,2018-06-14
Embalse,PENOL,936674000.0,2018-06-15
Embalse,PENOL,935473000.0,2018-06-16
Embalse,PENOL,931881000.0,2018-06-17
Embalse,PENOL,928288000.0,2018-06-18
Embalse,PENOL,926494000.0,2018-06-19
Embalse,PENOL,922918000.0,2018-06-20
Embalse,PENOL,919936000.0,2018-06-21
Embalse,PENOL,919936000.0,2018-06-22
Embalse,PENOL,925306000.0,2018-06-23
Embalse,PENOL,933073000.0,2018-06-24
Embalse,PENOL,936674000.0,2018-06-25
Embalse,PENOL,940281000.0,2018-06-26
Embalse,PENOL,947505000.0,2018-06-27
Embalse,PENOL,952938000.0,2018-06-28
Embalse,PENOL,955360000.0,2018-06-29
Embalse,PENOL,953543000.0,2018-06-30
Embalse,PENOL,955360000.0,2018-07-01
Embalse,PENOL,957170000.0,2018-07-02
Embalse,PENOL,957777000.0,2018-07-03
Embalse,PENOL,961418000.0,2018-07-04
Embalse,PENOL,965058000.0,2018-07-05
Embalse,PENOL,968102000.0,2018-07-06
Embalse,PENOL,970540000.0,2018-07-07
Embalse,PENOL,972972000.0,2018-07-08
Embalse,PENOL,968711000.0,2018-07-09
Embalse,PENOL,964450000.0,2018-07-10
Embalse,PENOL,960204000.0,2018-07-11
Embalse,PENOL,958383000.0,2018-07-12
Embalse,PENOL,956564000.0,2018-07-13
Embalse,PENOL,954754000.0,2018-07-14
Embalse,PENOL,950518000.0,2018-07-15
Embalse,PENOL,947505000.0,2018-07-16
Embalse,PENOL,949310000.0,2018-07-17
Embalse,PENOL,948706000.0,2018-07-18
Embalse,PENOL,945695000.0,2018-07-19
Embalse,PENOL,945092000.0,2018-07-20
Embalse,PENOL,942681400.0,2018-07-21
Embalse,PENOL,940281000.0,2018-07-22
Embalse,PENOL,937274000.0,2018-07-23
Embalse,PENOL,936674000.0,2018-07-24
Embalse,PENOL,933673000.0,2018-07-25
Embalse,PENOL,934872000.0,2018-07-26
Embalse,PENOL,939679000.0,2018-07-27
Embalse,PENOL,945092000.0,2018-07-28
Embalse,PENOL,948102000.0,2018-07-29
Embalse,PENOL,951728000.0,2018-07-30
Embalse,PENOL,955958000.0,2018-07-31
Embalse,PENOL,955360000.0,2018-08-01
Embalse,PENOL,952333000.0,2018-08-02
Embalse,PENOL,956564000.0,2018-08-03
Embalse,PENOL,957170000.0,2018-08-04
Embalse,PENOL,959597000.0,2018-08-05
Embalse,PENOL,957777000.0,2018-08-06
Embalse,PENOL,954754000.0,2018-08-07
Embalse,PENOL,951728000.0,2018-08-08
Embalse,PENOL,948706000.0,2018-08-09
Embalse,PENOL,945092000.0,2018-08-10
Embalse,PENOL,942079000.0,2018-08-11
Embalse,PENOL,938476000.0,2018-08-12
Embalse,PENOL,936073000.0,2018-08-13
Embalse,PENOL,934872000.0,2018-08-14
Embalse,PENOL,932481000.0,2018-08-15
Embalse,PENOL,930084000.0,2018-08-16
Embalse,PENOL,926494000.0,2018-08-17
Embalse,PENOL,922918000.0,2018-08-18
Embalse,PENOL,922321000.0,2018-08-19
Embalse,PENOL,919340000.0,2018-08-20
Embalse,PENOL,915776000.0,2018-08-21
Embalse,PENOL,912211000.0,2018-08-22
Embalse,PENOL,909252000.0,2018-08-23
Embalse,PENOL,908066000.0,2018-08-24
Embalse,PENOL,907474000.0,2018-08-25
Embalse,PENOL,907474000.0,2018-08-26
Embalse,PENOL,907474000.0,2018-08-27
Embalse,PENOL,904514000.0,2018-08-28
Embalse,PENOL,903331000.0,2018-08-29
Embalse,PENOL,900975000.0,2018-08-30
Embalse,PENOL,898025000.0,2018-08-31
Embalse,PENOL,895676000.0,2018-09-01
Embalse,PENOL,897436000.0,2018-09-02
Embalse,PENOL,894498000.0,2018-09-03
Embalse,PENOL,893322000.0,2018-09-04
Embalse,PENOL,892146000.0,2018-09-05
Embalse,PENOL,890970000.0,2018-09-06
Embalse,PENOL,892146000.0,2018-09-07
Embalse,PENOL,893322000.0,2018-09-08
Embalse,PENOL,890383000.0,2018-09-09
Embalse,PENOL,889796000.0,2018-09-10
Embalse,PENOL,889796000.0,2018-09-11
Embalse,PENOL,888622000.0,2018-09-12
Embalse,PENOL,888622000.0,2018-09-13
Embalse,PENOL,888043000.0,2018-09-14
Embalse,PENOL,886870000.0,2018-09-15
Embalse,PENOL,886870000.0,2018-09-16
Embalse,PENOL,883941000.0,2018-09-17
Embalse,PENOL,881602000.0,2018-09-18
Embalse,PENOL,880440000.0,2018-09-19
Embalse,PENOL,883356000.0,2018-09-20
Embalse,PENOL,887456000.0,2018-09-21
Embalse,PENOL,892734000.0,2018-09-22
Embalse,PENOL,895087000.0,2018-09-23
Embalse,PENOL,897436000.0,2018-09-24
Embalse,PENOL,899205000.0,2018-09-25
Embalse,PENOL,901566000.0,2018-09-26
Embalse,PENOL,907474000.0,2018-09-27
Embalse,PENOL,913398000.0,2018-09-28
Embalse,PENOL,916371000.0,2018-09-29
Embalse,PENOL,921725000.0,2018-09-30
Embalse,PENOL,922918000.0,2018-10-01
Embalse,PENOL,920532000.0,2018-10-02
Embalse,PENOL,918745000.0,2018-10-03
Embalse,PENOL,916371000.0,2018-10-04
Embalse,PENOL,916371000.0,2018-10-05
Embalse,PENOL,913993000.0,2018-10-06
Embalse,PENOL,918149000.0,2018-10-07
Embalse,PENOL,921128000.0,2018-10-08
Embalse,PENOL,925306000.0,2018-10-09
Embalse,PENOL,931881000.0,2018-10-10
Embalse,PENOL,939679000.0,2018-10-11
Embalse,PENOL,944489000.0,2018-10-12
Embalse,PENOL,948102000.0,2018-10-13
Embalse,PENOL,952938000.0,2018-10-14
Embalse,PENOL,957170000.0,2018-10-15
Embalse,PENOL,961418000.0,2018-10-16
Embalse,PENOL,966884000.0,2018-10-17
Embalse,PENOL,972362000.0,2018-10-18
Embalse,PENOL,976026000.0,2018-10-19
Embalse,PENOL,981525000.0,2018-10-20
Embalse,PENOL,988878000.0,2018-10-21
Embalse,PENOL,994404000.0,2018-10-22
Embalse,PENOL,999332000.0,2018-10-23
Embalse,PENOL,1006115000.0,2018-10-24
Embalse,PENOL,1011676000.0,2018-10-25
Embalse,PENOL,1019109000.0,2018-10-26
Embalse,PENOL,1024079000.0,2018-10-27
Embalse,PENOL,1027805000.0,2018-10-28
Embalse,PENOL,1029673000.0,2018-10-29
Embalse,PENOL,1035278000.0,2018-10-30
Embalse,PENOL,1035278000.0,2018-10-31
Embalse,PENOL,1034030000.0,2018-11-01
Embalse,PENOL,1036526000.0,2018-11-02
Embalse,PENOL,1037151000.0,2018-11-03
Embalse,PENOL,1041518000.0,2018-11-04
Embalse,PENOL,1044021000.0,2018-11-05
Embalse,PENOL,1047779000.0,2018-11-06
Embalse,PENOL,1052161000.0,2018-11-07
Embalse,PENOL,1051534000.0,2018-11-08
Embalse,PENOL,1052789000.0,2018-11-09
Embalse,PENOL,1052161000.0,2018-11-10
Embalse,PENOL,1050279000.0,2018-11-11
Embalse,PENOL,1049025000.0,2018-11-12
Embalse,PENOL,1050906000.0,2018-11-13
Embalse,PENOL,1052789000.0,2018-11-14
Embalse,PENOL,1052789000.0,2018-11-15
Embalse,PENOL,1050906000.0,2018-11-16
Embalse,PENOL,1049025000.0,2018-11-17
Embalse,PENOL,1053416000.0,2018-11-18
Embalse,PENOL,1053416000.0,2018-11-19
Embalse,PENOL,1055301000.0,2018-11-20
Embalse,PENOL,1055921000.0,2018-11-21
Embalse,PENOL,1054672000.0,2018-11-22
Embalse,PENOL,1058436000.0,2018-11-23
Embalse,PENOL,1060952000.0,2018-11-24
Embalse,PENOL,1060952000.0,2018-11-25
Embalse,PENOL,1060952000.0,2018-11-26
Embalse,PENOL,1061582000.0,2018-11-27
Embalse,PENOL,1062211000.0,2018-11-28
Embalse,PENOL,1065984000.0,2018-11-29
Embalse,PENOL,1063471000.0,2018-11-30
Embalse,PENOL,1062841000.0,2018-12-01
Embalse,PENOL,1059064000.0,2018-12-02
Embalse,PENOL,1055921000.0,2018-12-03
Embalse,PENOL,1053416000.0,2018-12-04
Embalse,PENOL,1051534000.0,2018-12-05
Embalse,PENOL,1049652000.0,2018-12-06
Embalse,PENOL,1050279000.0,2018-12-07
Embalse,PENOL,1049025000.0,2018-12-08
Embalse,PENOL,1046526000.0,2018-12-09
Embalse,PENOL,1043395000.0,2018-12-10
Embalse,PENOL,1041518000.0,2018-12-11
Embalse,PENOL,1040268000.0,2018-12-12
Embalse,PENOL,1038400000.0,2018-12-13
Embalse,PENOL,1035902000.0,2018-12-14
Embalse,PENOL,1032782000.0,2018-12-15
Embalse,PENOL,1029050000.0,2018-12-16
Embalse,PENOL,1025316000.0,2018-12-17
Embalse,PENOL,1021593000.0,2018-12-18
Embalse,PENOL,1017867000.0,2018-12-19
Embalse,PENOL,1014774000.0,2018-12-20
Embalse,PENOL,1011056000.0,2018-12-21
Embalse,PENOL,1007352000.0,2018-12-22
Embalse,PENOL,1004879000.0,2018-12-23
Embalse,PENOL,1003644000.0,2018-12-24
Embalse,PENOL,1021593000.0,2018-12-25
Embalse,PENOL,998099000.0,2018-12-26
Embalse,PENOL,993788000.0,2018-12-27
Embalse,PENOL,989492000.0,2018-12-28
Embalse,PENOL,987649000.0,2018-12-29
Embalse,PENOL,983363000.0,2018-12-30
Embalse,PENOL,979076000.0,2018-12-31
Embalse,PENOL,975415000.0,2019-01-01
Embalse,PENOL,973583000.0,2019-01-02
Embalse,PENOL,968711000.0,2019-01-03
Embalse,PENOL,964450000.0,2019-01-04
Embalse,PENOL,960204000.0,2019-01-05
Embalse,PENOL,958990000.0,2019-01-06
Embalse,PENOL,957777000.0,2019-01-07
Embalse,PENOL,956564000.0,2019-01-08
Embalse,PENOL,956564000.0,2019-01-09
Embalse,PENOL,955360000.0,2019-01-10
Embalse,PENOL,952333000.0,2019-01-11
Embalse,PENOL,949914000.0,2019-01-12
Embalse,PENOL,945695000.0,2019-01-13
Embalse,PENOL,941477000.0,2019-01-14
Embalse,PENOL,937875000.0,2019-01-15
Embalse,PENOL,934872000.0,2019-01-16
Embalse,PENOL,933073000.0,2019-01-17
Embalse,PENOL,931881000.0,2019-01-18
Embalse,PENOL,929485000.0,2019-01-19
Embalse,PENOL,927690000.0,2019-01-20
Embalse,PENOL,926494000.0,2019-01-21
Embalse,PENOL,924709000.0,2019-01-22
Embalse,PENOL,922918000.0,2019-01-23
Embalse,PENOL,918149000.0,2019-01-24
Embalse,PENOL,916371000.0,2019-01-25
Embalse,PENOL,912804000.0,2019-01-26
Embalse,PENOL,911024000.0,2019-01-27
Embalse,PENOL,908066000.0,2019-01-28
Embalse,PENOL,903331000.0,2019-01-29
Embalse,PENOL,898025000.0,2019-01-30
Embalse,PENOL,893322000.0,2019-01-31
Embalse,PENOL,888043000.0,2019-02-01
Embalse,PENOL,882771000.0,2019-02-02
Embalse,PENOL,876938000.0,2019-02-03
Embalse,PENOL,871705000.0,2019-02-04
Embalse,PENOL,866487000.0,2019-02-05
Embalse,PENOL,868220000.0,2019-02-06
Embalse,PENOL,869381000.0,2019-02-07
Embalse,PENOL,871705000.0,2019-02-08
Embalse,PENOL,873450000.0,2019-02-09
Embalse,PENOL,875190000.0,2019-02-10
Embalse,PENOL,871124000.0,2019-02-11
Embalse,PENOL,866487000.0,2019-02-12
Embalse,PENOL,861854000.0,2019-02-13
Embalse,PENOL,860120000.0,2019-02-14
Embalse,PENOL,854358000.0,2019-02-15
Embalse,PENOL,850913000.0,2019-02-16
Embalse,PENOL,845173000.0,2019-02-17
Embalse,PENOL,840030000.0,2019-02-18
Embalse,PENOL,836042000.0,2019-02-19
Embalse,PENOL,831486000.0,2019-02-20
Embalse,PENOL,826949000.0,2019-02-21
Embalse,PENOL,825815000.0,2019-02-22
Embalse,PENOL,821292000.0,2019-02-23
Embalse,PENOL,816217000.0,2019-02-24
Embalse,PENOL,811149000.0,2019-02-25
Embalse,PENOL,806664000.0,2019-02-26
Embalse,PENOL,803302000.0,2019-02-27
Embalse,PENOL,801072000.0,2019-02-28
Embalse,PENOL,796047000.0,2019-03-01
Embalse,PENOL,792156000.0,2019-03-02
Embalse,PENOL,787164000.0,2019-03-03
Embalse,PENOL,782180000.0,2019-03-04
Embalse,PENOL,778872000.0,2019-03-05
Embalse,PENOL,801072000.0,2019-03-06
Embalse,PENOL,770618000.0,2019-03-07
Embalse,PENOL,767332000.0,2019-03-08
Embalse,PENOL,762403000.0,2019-03-09
Embalse,PENOL,756949000.0,2019-03-10
Embalse,PENOL,754232000.0,2019-03-11
Embalse,PENOL,749340000.0,2019-03-12
Embalse,PENOL,743927000.0,2019-03-13
Embalse,PENOL,741223000.0,2019-03-14
Embalse,PENOL,735835000.0,2019-03-15
Embalse,PENOL,732076000.0,2019-03-16
Embalse,PENOL,728319000.0,2019-03-17
Embalse,PENOL,725112000.0,2019-03-18
Embalse,PENOL,724042000.0,2019-03-19
Embalse,PENOL,719244000.0,2019-03-20
Embalse,PENOL,716048000.0,2019-03-21
Embalse,PENOL,712866000.0,2019-03-22
Embalse,PENOL,707566000.0,2019-03-23
Embalse,PENOL,703345000.0,2019-03-24
Embalse,PENOL,700189000.0,2019-03-25
Embalse,PENOL,697032000.0,2019-03-26
Embalse,PENOL,690746000.0,2019-03-27
Embalse,PENOL,687616000.0,2019-03-28
Embalse,PENOL,685007000.0,2019-03-29
Embalse,PENOL,680848000.0,2019-03-30
Embalse,PENOL,677732000.0,2019-03-31
Embalse,PENOL,676177000.0,2019-04-01
Embalse,PENOL,678770000.0,2019-04-02
Embalse,PENOL,690746000.0,2019-04-03
Embalse,PENOL,672560000.0,2019-04-04
Embalse,PENOL,669977000.0,2019-04-05
Embalse,PENOL,669977000.0,2019-04-06
Embalse,PENOL,670493000.0,2019-04-07
Embalse,PENOL,671526000.0,2019-04-08
Embalse,PENOL,668945000.0,2019-04-09
Embalse,PENOL,666375000.0,2019-04-10
Embalse,PENOL,663803000.0,2019-04-11
Embalse,PENOL,659704000.0,2019-04-12
Embalse,PENOL,658680000.0,2019-04-13
Embalse,PENOL,656633000.0,2019-04-14
Embalse,PENOL,653575000.0,2019-04-15
Embalse,PENOL,650518000.0,2019-04-16
Embalse,PENOL,646458000.0,2019-04-17
Embalse,PENOL,644937000.0,2019-04-18
Embalse,PENOL,645951000.0,2019-04-19
Embalse,PENOL,644430000.0,2019-04-20
Embalse,PENOL,648490000.0,2019-04-21
Embalse,PENOL,652046000.0,2019-04-22
Embalse,PENOL,656633000.0,2019-04-23
Embalse,PENOL,661242000.0,2019-04-24
Embalse,PENOL,663289000.0,2019-04-25
Embalse,PENOL,666890000.0,2019-04-26
Embalse,PENOL,667920000.0,2019-04-27
Embalse,PENOL,670493000.0,2019-04-28
Embalse,PENOL,673594000.0,2019-04-29
Embalse,PENOL,672560000.0,2019-04-30
Embalse,PENOL,670493000.0,2019-05-01
Embalse,PENOL,668429000.0,2019-05-02
Embalse,PENOL,665346000.0,2019-05-03
Embalse,PENOL,662262000.0,2019-05-04
Embalse,PENOL,659192000.0,2019-05-05
Embalse,PENOL,656122000.0,2019-05-06
Embalse,PENOL,653575000.0,2019-05-07
Embalse,PENOL,653065000.0,2019-05-08
Embalse,PENOL,651536000.0,2019-05-09
Embalse,PENOL,654085000.0,2019-05-10
Embalse,PENOL,655611000.0,2019-05-11
Embalse,PENOL,657656000.0,2019-05-12
Embalse,PENOL,660216000.0,2019-05-13
Embalse,PENOL,667405000.0,2019-05-14
Embalse,PENOL,673077000.0,2019-05-15
Embalse,PENOL,677214000.0,2019-05-16
Embalse,PENOL,683444000.0,2019-05-17
Embalse,PENOL,688654000.0,2019-05-18
Embalse,PENOL,697032000.0,2019-05-19
Embalse,PENOL,703873000.0,2019-05-20
Embalse,PENOL,710744000.0,2019-05-21
Embalse,PENOL,717645000.0,2019-05-22
Embalse,PENOL,724042000.0,2019-05-23
Embalse,PENOL,733689000.0,2019-05-24
Embalse,PENOL,741763000.0,2019-05-25
Embalse,PENOL,752056000.0,2019-05-26
Embalse,PENOL,764044000.0,2019-05-27
Embalse,PENOL,772817000.0,2019-05-28
Embalse,PENOL,778872000.0,2019-05-29
Embalse,PENOL,786610000.0,2019-05-30
Embalse,PENOL,797720000.0,2019-05-31
Embalse,PENOL,808347000.0,2019-06-01
Embalse,PENOL,817338000.0,2019-06-02
Embalse,PENOL,824115000.0,2019-06-03
Embalse,PENOL,829788000.0,2019-06-04
Embalse,PENOL,829788000.0,2019-06-05
Embalse,PENOL,834332000.0,2019-06-06
Embalse,PENOL,842317000.0,2019-06-07
Embalse,PENOL,847467000.0,2019-06-08
Embalse,PENOL,850338000.0,2019-06-09
Embalse,PENOL,849764000.0,2019-06-10
Embalse,PENOL,853207000.0,2019-06-11
Embalse,PENOL,858394000.0,2019-06-12
Embalse,PENOL,861276000.0,2019-06-13
Embalse,PENOL,863590000.0,2019-06-14
Embalse,PENOL,872868000.0,2019-06-15
Embalse,PENOL,877521000.0,2019-06-16
Embalse,PENOL,881024000.0,2019-06-17
Embalse,PENOL,883941000.0,2019-06-18
Embalse,PENOL,884527000.0,2019-06-19
Embalse,PENOL,882771000.0,2019-06-20
Embalse,PENOL,881024000.0,2019-06-21
Embalse,PENOL,876938000.0,2019-06-22
Embalse,PENOL,873450000.0,2019-06-23
Embalse,PENOL,871124000.0,2019-06-24
Embalse,PENOL,869381000.0,2019-06-25
Embalse,PENOL,867640000.0,2019-06-26
Embalse,PENOL,867059000.0,2019-06-27
Embalse,PENOL,868220000.0,2019-06-28
Embalse,PENOL,869962000.0,2019-06-29
Embalse,PENOL,872287000.0,2019-06-30
Embalse,PENOL,875190000.0,2019-07-01
Embalse,PENOL,873450000.0,2019-07-02
Embalse,PENOL,875190000.0,2019-07-03
Embalse,PENOL,873450000.0,2019-07-04
Embalse,PENOL,873450000.0,2019-07-05
Embalse,PENOL,873450000.0,2019-07-06
Embalse,PENOL,872287000.0,2019-07-07
Embalse,PENOL,870542000.0,2019-07-08
Embalse,PENOL,870542000.0,2019-07-09
Embalse,PENOL,868220000.0,2019-07-10
Embalse,PENOL,864169000.0,2019-07-11
Embalse,PENOL,860698000.0,2019-07-12
Embalse,PENOL,864169000.0,2019-07-13
Embalse,PENOL,866487000.0,2019-07-14
Embalse,PENOL,869381000.0,2019-07-15
Embalse,PENOL,871124000.0,2019-07-16
Embalse,PENOL,874025000.0,2019-07-17
Embalse,PENOL,876355000.0,2019-07-18
Embalse,PENOL,878105000.0,2019-07-19
Embalse,PENOL,880440000.0,2019-07-20
Embalse,PENOL,882771000.0,2019-07-21
Embalse,PENOL,882186000.0,2019-07-22
Embalse,PENOL,886870000.0,2019-07-23
Embalse,PENOL,886870000.0,2019-07-24
Embalse,PENOL,883941000.0,2019-07-25
Embalse,PENOL,880440000.0,2019-07-26
Embalse,PENOL,876355000.0,2019-07-27
Embalse,PENOL,872287000.0,2019-07-28
Embalse,PENOL,867640000.0,2019-07-29
Embalse,PENOL,865327000.0,2019-07-30
Embalse,PENOL,862432000.0,2019-07-31
Embalse,PENOL,857240000.0,2019-08-01
Embalse,PENOL,856087000.0,2019-08-02
Embalse,PENOL,854934000.0,2019-08-03
Embalse,PENOL,853782000.0,2019-08-04
Embalse,PENOL,848615000.0,2019-08-05
Embalse,PENOL,843462000.0,2019-08-06
Embalse,PENOL,837753000.0,2019-08-07
Embalse,PENOL,836042000.0,2019-08-08
Embalse,PENOL,832624000.0,2019-08-09
Embalse,PENOL,830356000.0,2019-08-10
Embalse,PENOL,828084000.0,2019-08-11
Embalse,PENOL,827517000.0,2019-08-12
Embalse,PENOL,825815000.0,2019-08-13
Embalse,PENOL,824682000.0,2019-08-14
Embalse,PENOL,824115000.0,2019-08-15
Embalse,PENOL,819032000.0,2019-08-16
Embalse,PENOL,813963000.0,2019-08-17
Embalse,PENOL,812274000.0,2019-08-18
Embalse,PENOL,810025000.0,2019-08-19
Embalse,PENOL,808460000.0,2019-08-20
Embalse,PENOL,803190000.0,2019-08-21
Embalse,PENOL,800624000.0,2019-08-22
Embalse,PENOL,796660000.0,2019-08-23
Embalse,PENOL,791433000.0,2019-08-24
Embalse,PENOL,788933000.0,2019-08-25
Embalse,PENOL,782954000.0,2019-08-26
Embalse,PENOL,778872000.0,2019-08-27
Embalse,PENOL,775894000.0,2019-08-28
Embalse,PENOL,774248000.0,2019-08-29
Embalse,PENOL,771992000.0,2019-08-30
Embalse,PENOL,766783000.0,2019-08-31
Embalse,PENOL,763990000.0,2019-09-01
Embalse,PENOL,760224000.0,2019-09-02
Embalse,PENOL,755641000.0,2019-09-03
Embalse,PENOL,751241000.0,2019-09-04
Embalse,PENOL,746743000.0,2019-09-05
Embalse,PENOL,743007000.0,2019-09-06
Embalse,PENOL,738638000.0,2019-09-07
Embalse,PENOL,733689000.0,2019-09-08
Embalse,PENOL,728963000.0,2019-09-09
Embalse,PENOL,726397000.0,2019-09-10
Embalse,PENOL,722760000.0,2019-09-11
Embalse,PENOL,720837000.0,2019-09-12
Embalse,PENOL,719404000.0,2019-09-13
Embalse,PENOL,715091000.0,2019-09-14
Embalse,PENOL,710797000.0,2019-09-15
Embalse,PENOL,711168000.0,2019-09-16
Embalse,PENOL,707672000.0,2019-09-17
Embalse,PENOL,704823000.0,2019-09-18
Embalse,PENOL,702132000.0,2019-09-19
Embalse,PENOL,700663000.0,2019-09-20
Embalse,PENOL,702396000.0,2019-09-21
Embalse,PENOL,709949000.0,2019-09-22
Embalse,PENOL,709154000.0,2019-09-23
Embalse,PENOL,703926000.0,2019-09-24
Embalse,PENOL,701868000.0,2019-09-25
Embalse,PENOL,700715000.0,2019-09-26
Embalse,PENOL,695824000.0,2019-09-27
Embalse,PENOL,691479000.0,2019-09-28
Embalse,PENOL,685737000.0,2019-09-29
Embalse,PENOL,681466000.0,2019-09-30
Embalse,PENOL,678563000.0,2019-10-01
Embalse,PENOL,678770000.0,2019-10-02
Embalse,PENOL,674111000.0,2019-10-03
Embalse,PENOL,669461000.0,2019-10-04
Embalse,PENOL,665860000.0,2019-10-05
Embalse,PENOL,700663000.0,2019-10-06
Embalse,PENOL,664317000.0,2019-10-07
Embalse,PENOL,664831000.0,2019-10-08
Embalse,PENOL,665346000.0,2019-10-09
Embalse,PENOL,667405000.0,2019-10-10
Embalse,PENOL,671526000.0,2019-10-11
Embalse,PENOL,679809000.0,2019-10-12
Embalse,PENOL,688654000.0,2019-10-13
Embalse,PENOL,688132000.0,2019-10-14
Embalse,PENOL,692317000.0,2019-10-15
Embalse,PENOL,694932000.0,2019-10-16
Embalse,PENOL,698084000.0,2019-10-17
Embalse,PENOL,700189000.0,2019-10-18
Embalse,PENOL,703345000.0,2019-10-19
Embalse,PENOL,708095000.0,2019-10-20
Embalse,PENOL,711804000.0,2019-10-21
Embalse,PENOL,714453000.0,2019-10-22
Embalse,PENOL,720310000.0,2019-10-23
Embalse,PENOL,724042000.0,2019-10-24
Embalse,PENOL,728855000.0,2019-10-25
Embalse,PENOL,735835000.0,2019-10-26
Embalse,PENOL,744468000.0,2019-10-27
Embalse,PENOL,749340000.0,2019-10-28
Embalse,PENOL,754770000.0,2019-10-29
Embalse,PENOL,759131000.0,2019-10-30
Embalse,PENOL,764592000.0,2019-10-31
Embalse,PENOL,768422000.0,2019-11-01
Embalse,PENOL,772267000.0,2019-11-02
Embalse,PENOL,768971000.0,2019-11-03
Embalse,PENOL,771717000.0,2019-11-04
Embalse,PENOL,768422000.0,2019-11-05
Embalse,PENOL,771168000.0,2019-11-06
Embalse,PENOL,772267000.0,2019-11-07
Embalse,PENOL,774468000.0,2019-11-08
Embalse,PENOL,776665000.0,2019-11-09
Embalse,PENOL,779424000.0,2019-11-10
Embalse,PENOL,782733000.0,2019-11-11
Embalse,PENOL,782733000.0,2019-11-12
Embalse,PENOL,786610000.0,2019-11-13
Embalse,PENOL,790488000.0,2019-11-14
Embalse,PENOL,794940000.0,2019-11-15
Embalse,PENOL,799954000.0,2019-11-16
Embalse,PENOL,803862000.0,2019-11-17
Embalse,PENOL,807786000.0,2019-11-18
Embalse,PENOL,804982000.0,2019-11-19
Embalse,PENOL,802743000.0,2019-11-20
Embalse,PENOL,799395000.0,2019-11-21
Embalse,PENOL,796047000.0,2019-11-22
Embalse,PENOL,794940000.0,2019-11-23
Embalse,PENOL,790488000.0,2019-11-24
Embalse,PENOL,787164000.0,2019-11-25
Embalse,PENOL,782733000.0,2019-11-26
Embalse,PENOL,778872000.0,2019-11-27
Embalse,PENOL,775012000.0,2019-11-28
Embalse,PENOL,768422000.0,2019-11-29
Embalse,PENOL,767332000.0,2019-11-30
Embalse,PENOL,762950000.0,2019-12-01
Embalse,PENOL,758586000.0,2019-12-02
Embalse,PENOL,755314000.0,2019-12-03
Embalse,PENOL,750426000.0,2019-12-04
Embalse,PENOL,746634000.0,2019-12-05
Embalse,PENOL,749340000.0,2019-12-06
Embalse,PENOL,752056000.0,2019-12-07
Embalse,PENOL,754232000.0,2019-12-08
Embalse,PENOL,755859000.0,2019-12-09
Embalse,PENOL,754770000.0,2019-12-10
Embalse,PENOL,755859000.0,2019-12-11
Embalse,PENOL,756404000.0,2019-12-12
Embalse,PENOL,757495000.0,2019-12-13
Embalse,PENOL,756949000.0,2019-12-14
Embalse,PENOL,761310000.0,2019-12-15
Embalse,PENOL,762403000.0,2019-12-16
Embalse,PENOL,764592000.0,2019-12-17
Embalse,PENOL,766783000.0,2019-12-18
Embalse,PENOL,762950000.0,2019-12-19
Embalse,PENOL,767880000.0,2019-12-20
Embalse,PENOL,765687000.0,2019-12-21
Embalse,PENOL,760770000.0,2019-12-22
Embalse,PENOL,756949000.0,2019-12-23
Embalse,PENOL,758586000.0,2019-12-24
Embalse,PENOL,762403000.0,2019-12-25
Embalse,PENOL,764592000.0,2019-12-26
Embalse,PENOL,767332000.0,2019-12-27
Embalse,PENOL,768971000.0,2019-12-28
Embalse,PENOL,770618000.0,2019-12-29
Embalse,PENOL,766235000.0,2019-12-30
Embalse,PENOL,772817000.0,2019-12-31
Embalse,PENOL,771717000.0,2020-01-01
Embalse,PENOL,767332000.0,2020-01-02
Embalse,PENOL,762403000.0,2020-01-03
Embalse,PENOL,758040000.0,2020-01-04
Embalse,PENOL,753144000.0,2020-01-05
Embalse,PENOL,748254000.0,2020-01-06
Embalse,PENOL,742304000.0,2020-01-07
Embalse,PENOL,738530000.0,2020-01-08
Embalse,PENOL,736374000.0,2020-01-09
Embalse,PENOL,733689000.0,2020-01-10
Embalse,PENOL,728319000.0,2020-01-11
Embalse,PENOL,729392000.0,2020-01-12
Embalse,PENOL,726718000.0,2020-01-13
Embalse,PENOL,724042000.0,2020-01-14
Embalse,PENOL,719777000.0,2020-01-15
Embalse,PENOL,707566000.0,2020-01-16
Embalse,PENOL,707566000.0,2020-01-17
Embalse,PENOL,703345000.0,2020-01-18
Embalse,PENOL,697032000.0,2020-01-19
Embalse,PENOL,691793000.0,2020-01-20
Embalse,PENOL,686572000.0,2020-01-21
Embalse,PENOL,681882000.0,2020-01-22
Embalse,PENOL,682923000.0,2020-01-23
Embalse,PENOL,679290000.0,2020-01-24
Embalse,PENOL,675658000.0,2020-01-25
Embalse,PENOL,669977000.0,2020-01-26
Embalse,PENOL,664317000.0,2020-01-27
Embalse,PENOL,660216000.0,2020-01-28
Embalse,PENOL,654596000.0,2020-01-29
Embalse,PENOL,650009000.0,2020-01-30
Embalse,PENOL,644430000.0,2020-01-31
Embalse,PENOL,638875000.0,2020-02-01
Embalse,PENOL,634348000.0,2020-02-02
Embalse,PENOL,623844000.0,2020-02-03
Embalse,PENOL,623844000.0,2020-02-04
Embalse,PENOL,617874000.0,2020-02-05
Embalse,PENOL,612431000.0,2020-02-06
Embalse,PENOL,609476000.0,2020-02-07
Embalse,PENOL,607013000.0,2020-02-08
Embalse,PENOL,607997000.0,2020-02-09
Embalse,PENOL,607013000.0,2020-02-10
Embalse,PENOL,604070000.0,2020-02-11
Embalse,PENOL,597225000.0,2020-02-12
Embalse,PENOL,590906000.0,2020-02-13
Embalse,PENOL,586074000.0,2020-02-14
Embalse,PENOL,586557000.0,2020-02-15
Embalse,PENOL,581260000.0,2020-02-16
Embalse,PENOL,576000000.0,2020-02-17
Embalse,PENOL,569820000.0,2020-02-18
Embalse,PENOL,564155000.0,2020-02-19
Embalse,PENOL,559480000.0,2020-02-20
Embalse,PENOL,555318000.0,2020-02-21
Embalse,PENOL,551641000.0,2020-02-22
Embalse,PENOL,547517000.0,2020-02-23
Embalse,PENOL,544326000.0,2020-02-24
Embalse,PENOL,540685000.0,2020-02-25
Embalse,PENOL,536153000.0,2020-02-26
Embalse,PENOL,533443000.0,2020-02-27
Embalse,PENOL,526237000.0,2020-02-28
Embalse,PENOL,520413000.0,2020-02-29
Embalse,PENOL,516399000.0,2020-03-01
Embalse,PENOL,512837000.0,2020-03-02
Embalse,PENOL,510179000.0,2020-03-03
Embalse,PENOL,506200000.0,2020-03-04
Embalse,PENOL,500476000.0,2020-03-05
Embalse,PENOL,494781000.0,2020-03-06
Embalse,PENOL,489551000.0,2020-03-07
Embalse,PENOL,485642000.0,2020-03-08
Embalse,PENOL,481753000.0,2020-03-09
Embalse,PENOL,477020000.0,2020-03-10
Embalse,PENOL,472736000.0,2020-03-11
Embalse,PENOL,470173000.0,2020-03-12
Embalse,PENOL,465496000.0,2020-03-13
Embalse,PENOL,460844000.0,2020-03-14
Embalse,PENOL,456637000.0,2020-03-15
Embalse,PENOL,451198000.0,2020-03-16
Embalse,PENOL,445796000.0,2020-03-17
Embalse,PENOL,440432000.0,2020-03-18
Embalse,PENOL,435511000.0,2020-03-19
Embalse,PENOL,431431000.0,2020-03-20
Embalse,PENOL,426962000.0,2020-03-21
Embalse,PENOL,421707000.0,2020-03-22
Embalse,PENOL,417680000.0,2020-03-23
Embalse,PENOL,411680000.0,2020-03-24
Embalse,PENOL,406905000.0,2020-03-25
Embalse,PENOL,400970000.0,2020-03-26
Embalse,PENOL,396253000.0,2020-03-27
Embalse,PENOL,393510000.0,2020-03-28
Embalse,PENOL,387669000.0,2020-03-29
Embalse,PENOL,384574000.0,2020-03-30
Embalse,PENOL,384574000.0,2020-03-31
Embalse,PENOL,385348000.0,2020-04-01
Embalse,PENOL,380334000.0,2020-04-02
Embalse,PENOL,383028000.0,2020-04-03
Embalse,PENOL,386122000.0,2020-04-04
Embalse,PENOL,388835000.0,2020-04-05
Embalse,PENOL,388835000.0,2020-04-06
Embalse,PENOL,388835000.0,2020-04-07
Embalse,PENOL,386898000.0,2020-04-08
Embalse,PENOL,390392000.0,2020-04-09
Embalse,PENOL,386510000.0,2020-04-10
Embalse,PENOL,392342000.0,2020-04-11
Embalse,PENOL,395468000.0,2020-04-12
Embalse,PENOL,397426000.0,2020-04-13
Embalse,PENOL,399393000.0,2020-04-14
Embalse,PENOL,397038000.0,2020-04-15
Embalse,PENOL,393119000.0,2020-04-16
Embalse,PENOL,394684000.0,2020-04-17
Embalse,PENOL,390392000.0,2020-04-18
Embalse,PENOL,391172000.0,2020-04-19
Embalse,PENOL,386510000.0,2020-04-20
Embalse,PENOL,383028000.0,2020-04-21
Embalse,PENOL,382260000.0,2020-04-22
Embalse,PENOL,381489000.0,2020-04-23
Embalse,PENOL,379180000.0,2020-04-24
Embalse,PENOL,383028000.0,2020-04-25
Embalse,PENOL,385348000.0,2020-04-26
Embalse,PENOL,386898000.0,2020-04-27
Embalse,PENOL,386510000.0,2020-04-28
Embalse,PENOL,383800000.0,2020-04-29
Embalse,PENOL,386898000.0,2020-04-30
Embalse,PENOL,383800000.0,2020-05-01
Embalse,PENOL,381875000.0,2020-05-02
Embalse,PENOL,379564000.0,2020-05-03
Embalse,PENOL,377265000.0,2020-05-04
Embalse,PENOL,374203000.0,2020-05-05
Embalse,PENOL,368874000.0,2020-05-06
Embalse,PENOL,371156000.0,2020-05-07
Embalse,PENOL,372680000.0,2020-05-08
Embalse,PENOL,373821000.0,2020-05-09
Embalse,PENOL,375350000.0,2020-05-10
Embalse,PENOL,372299000.0,2020-05-11
Embalse,PENOL,370014000.0,2020-05-12
Embalse,PENOL,367361000.0,2020-05-13
Embalse,PENOL,368874000.0,2020-05-14
Embalse,PENOL,370395000.0,2020-05-15
Embalse,PENOL,372680000.0,2020-05-16
Embalse,PENOL,373821000.0,2020-05-17
Embalse,PENOL,375732000.0,2020-05-18
Embalse,PENOL,379564000.0,2020-05-19
Embalse,PENOL,374585000.0,2020-05-20
Embalse,PENOL,375732000.0,2020-05-21
Embalse,PENOL,377649000.0,2020-05-22
Embalse,PENOL,378412000.0,2020-05-23
Embalse,PENOL,379180000.0,2020-05-24
Embalse,PENOL,379180000.0,2020-05-25
Embalse,PENOL,373821000.0,2020-05-26
Embalse,PENOL,375350000.0,2020-05-27
Embalse,PENOL,379180000.0,2020-05-28
Embalse,PENOL,381104000.0,2020-05-29
Embalse,PENOL,386898000.0,2020-05-30
Embalse,PENOL,389613000.0,2020-05-31
Embalse,PENOL,391562000.0,2020-06-01
Embalse,PENOL,393393000.0,2020-06-02
Embalse,PENOL,395115000.0,2020-06-03
Embalse,PENOL,396096000.0,2020-06-04
Embalse,PENOL,398527000.0,2020-06-05
Embalse,PENOL,399630000.0,2020-06-06
Embalse,PENOL,400773000.0,2020-06-07
Embalse,PENOL,402664000.0,2020-06-08
Embalse,PENOL,403534000.0,2020-06-09
Embalse,PENOL,408212000.0,2020-06-10
Embalse,PENOL,410403000.0,2020-06-11
Embalse,PENOL,418765000.0,2020-06-12
Embalse,PENOL,419570000.0,2020-06-13
Embalse,PENOL,422190000.0,2020-06-14
Embalse,PENOL,424774000.0,2020-06-15
Embalse,PENOL,425300000.0,2020-06-16
Embalse,PENOL,428704000.0,2020-06-17
Embalse,PENOL,430412000.0,2020-06-18
Embalse,PENOL,436535000.0,2020-06-19
Embalse,PENOL,443438000.0,2020-06-20
Embalse,PENOL,450197000.0,2020-06-21
Embalse,PENOL,455126000.0,2020-06-22
Embalse,PENOL,458483000.0,2020-06-23
Embalse,PENOL,460675000.0,2020-06-24
Embalse,PENOL,467366000.0,2020-06-25
Embalse,PENOL,471924000.0,2020-06-26
Embalse,PENOL,475989000.0,2020-06-27
Embalse,PENOL,482704000.0,2020-06-28
Embalse,PENOL,485426000.0,2020-06-29
Embalse,PENOL,488638000.0,2020-06-30
Embalse,PENOL,498499000.0,2020-07-01
Embalse,PENOL,504743000.0,2020-07-02
Embalse,PENOL,512748000.0,2020-07-03
Embalse,PENOL,520413000.0,2020-07-04
Embalse,PENOL,528261000.0,2020-07-05
Embalse,PENOL,535609000.0,2020-07-06
Embalse,PENOL,541139000.0,2020-07-07
Embalse,PENOL,547882000.0,2020-07-08
Embalse,PENOL,553014000.0,2020-07-09
Embalse,PENOL,559899000.0,2020-07-10
Embalse,PENOL,567080000.0,2020-07-11
Embalse,PENOL,573336000.0,2020-07-12
Embalse,PENOL,580066000.0,2020-07-13
Embalse,PENOL,586846000.0,2020-07-14
Embalse,PENOL,590906000.0,2020-07-15
Embalse,PENOL,594058000.0,2020-07-16
Embalse,PENOL,595714000.0,2020-07-17
Embalse,PENOL,598153000.0,2020-07-18
Embalse,PENOL,600493000.0,2020-07-19
Embalse,PENOL,602991000.0,2020-07-20
Embalse,PENOL,602648000.0,2020-07-21
Embalse,PENOL,607554000.0,2020-07-22
Embalse,PENOL,607505000.0,2020-07-23
Embalse,PENOL,611202000.0,2020-07-24
Embalse,PENOL,614459000.0,2020-07-25
Embalse,PENOL,617432000.0,2020-07-26
Embalse,PENOL,624686000.0,2020-07-27
Embalse,PENOL,632439000.0,2020-07-28
Embalse,PENOL,638371000.0,2020-07-29
Embalse,PENOL,639128000.0,2020-07-30
Embalse,PENOL,642260000.0,2020-07-31
Embalse,PENOL,645292000.0,2020-08-01
Embalse,PENOL,647880000.0,2020-08-02
Embalse,PENOL,649299000.0,2020-08-03
Embalse,PENOL,649704000.0,2020-08-04
Embalse,PENOL,646205000.0,2020-08-05
Embalse,PENOL,642260000.0,2020-08-06
Embalse,PENOL,644076000.0,2020-08-07
Embalse,PENOL,645698000.0,2020-08-08
Embalse,PENOL,645393000.0,2020-08-09
Embalse,PENOL,641501000.0,2020-08-10
Embalse,PENOL,637110000.0,2020-08-11
Embalse,PENOL,638472000.0,2020-08-12
Embalse,PENOL,643114000.0,2020-08-13
Embalse,PENOL,642058000.0,2020-08-14
Embalse,PENOL,646560000.0,2020-08-15
Embalse,PENOL,650467000.0,2020-08-16
Embalse,PENOL,657042000.0,2020-08-17
Embalse,PENOL,661088000.0,2020-08-18
Embalse,PENOL,666220000.0,2020-08-19
Embalse,PENOL,675969000.0,2020-08-20
Embalse,PENOL,681466000.0,2020-08-21
Embalse,PENOL,688968000.0,2020-08-22
Embalse,PENOL,695719000.0,2020-08-23
Embalse,PENOL,702923000.0,2020-08-24
Embalse,PENOL,707672000.0,2020-08-25
Embalse,PENOL,713981000.0,2020-08-26
Embalse,PENOL,718284000.0,2020-08-27
Embalse,PENOL,727783000.0,2020-08-28
Embalse,PENOL,724577000.0,2020-08-29
Embalse,PENOL,721638000.0,2020-08-30
Embalse,PENOL,718764000.0,2020-08-31
Embalse,PENOL,719297000.0,2020-09-01
Embalse,PENOL,718764000.0,2020-09-02
Embalse,PENOL,722439000.0,2020-09-03
Embalse,PENOL,728963000.0,2020-09-04
Embalse,PENOL,732130000.0,2020-09-05
Embalse,PENOL,739934000.0,2020-09-06
Embalse,PENOL,746255000.0,2020-09-07
Embalse,PENOL,755532000.0,2020-09-08
Embalse,PENOL,761094000.0,2020-09-09
Embalse,PENOL,767057000.0,2020-09-10
Embalse,PENOL,773698000.0,2020-09-11
Embalse,PENOL,775453000.0,2020-09-12
Embalse,PENOL,781192000.0,2020-09-13
Embalse,PENOL,782844000.0,2020-09-14
Embalse,PENOL,788218000.0,2020-09-15
Embalse,PENOL,793492000.0,2020-09-16
Embalse,PENOL,798892000.0,2020-09-17
Embalse,PENOL,806664000.0,2020-09-18
Embalse,PENOL,812499000.0,2020-09-19
Embalse,PENOL,817620000.0,2020-09-20
Embalse,PENOL,823556000.0,2020-09-21
Embalse,PENOL,829334000.0,2020-09-22
Embalse,PENOL,833763000.0,2020-09-23
Embalse,PENOL,837753000.0,2020-09-24
Embalse,PENOL,844607000.0,2020-09-25
Embalse,PENOL,848615000.0,2020-09-26
Embalse,PENOL,856664000.0,2020-09-27
Embalse,PENOL,861276000.0,2020-09-28
Embalse,PENOL,865327000.0,2020-09-29
Embalse,PENOL,871705000.0,2020-09-30
Embalse,PENOL,872287000.0,2020-10-01
Embalse,PENOL,872868000.0,2020-10-02
Embalse,PENOL,875772000.0,2020-10-03
Embalse,PENOL,879856000.0,2020-10-04
Embalse,PENOL,880440000.0,2020-10-05
Embalse,PENOL,885698000.0,2020-10-06
Embalse,PENOL,889209000.0,2020-10-07
Embalse,PENOL,892734000.0,2020-10-08
Embalse,PENOL,895676000.0,2020-10-09
Embalse,PENOL,898025000.0,2020-10-10
Embalse,PENOL,897436000.0,2020-10-11
Embalse,PENOL,898025000.0,2020-10-12
Embalse,PENOL,902748000.0,2020-10-13
Embalse,PENOL,906881000.0,2020-10-14
Embalse,PENOL,909844000.0,2020-10-15
Embalse,PENOL,912804000.0,2020-10-16
Embalse,PENOL,913398000.0,2020-10-17
Embalse,PENOL,915181000.0,2020-10-18
Embalse,PENOL,915776000.0,2020-10-19
Embalse,PENOL,915181000.0,2020-10-20
Embalse,PENOL,913993000.0,2020-10-21
Embalse,PENOL,912211000.0,2020-10-22
Embalse,PENOL,910438000.0,2020-10-23
Embalse,PENOL,910438000.0,2020-10-24
Embalse,PENOL,909252000.0,2020-10-25
Embalse,PENOL,913398000.0,2020-10-26
Embalse,PENOL,912211000.0,2020-10-27
Embalse,PENOL,912804000.0,2020-10-28
Embalse,PENOL,912804000.0,2020-10-29
Embalse,PENOL,912211000.0,2020-10-30
Embalse,PENOL,915776000.0,2020-10-31
Embalse,PENOL,919936000.0,2020-11-01
Embalse,PENOL,925306000.0,2020-11-02
Embalse,PENOL,930683000.0,2020-11-03
Embalse,PENOL,933673000.0,2020-11-04
Embalse,PENOL,934272000.0,2020-11-05
Embalse,PENOL,935473000.0,2020-11-06
Embalse,PENOL,934272000.0,2020-11-07
Embalse,PENOL,932481000.0,2020-11-08
Embalse,PENOL,932481000.0,2020-11-09
Embalse,PENOL,940281000.0,2020-11-10
Embalse,PENOL,949310000.0,2020-11-11
Embalse,PENOL,957170000.0,2020-11-12
Embalse,PENOL,968711000.0,2020-11-13
Embalse,PENOL,977860000.0,2020-11-14
Embalse,PENOL,985816000.0,2020-11-15
Embalse,PENOL,993180000.0,2020-11-16
Embalse,PENOL,999332000.0,2020-11-17
Embalse,PENOL,1006115000.0,2020-11-18
Embalse,PENOL,1010438000.0,2020-11-19
Embalse,PENOL,1013534000.0,2020-11-20
Embalse,PENOL,1014774000.0,2020-11-21
Embalse,PENOL,1017247000.0,2020-11-22
Embalse,PENOL,1017867000.0,2020-11-23
Embalse,PENOL,1015394000.0,2020-11-24
Embalse,PENOL,1012914000.0,2020-11-25
Embalse,PENOL,1010438000.0,2020-11-26
Embalse,PENOL,1010438000.0,2020-11-27
Embalse,PENOL,1011676000.0,2020-11-28
Embalse,PENOL,1012914000.0,2020-11-29
Embalse,PENOL,1012914000.0,2020-11-30
Embalse,PENOL,1014278000.0,2020-12-01
Embalse,PENOL,1015766000.0,2020-12-02
Embalse,PENOL,1025627000.0,2020-12-03
Embalse,PENOL,1028614000.0,2020-12-04
Embalse,PENOL,1030795000.0,2020-12-05
Embalse,PENOL,1036027000.0,2020-12-06
Embalse,PENOL,1034279000.0,2020-12-07
Embalse,PENOL,1032536000.0,2020-12-08
Embalse,PENOL,1029175000.0,2020-12-09
Embalse,PENOL,1025502000.0,2020-12-10
Embalse,PENOL,1021531000.0,2020-12-11
Embalse,PENOL,1018053000.0,2020-12-12
Embalse,PENOL,1013968000.0,2020-12-13
Embalse,PENOL,1011180000.0,2020-12-14
Embalse,PENOL,1011552000.0,2020-12-15
Embalse,PENOL,1011242000.0,2020-12-16
Embalse,PENOL,1008772000.0,2020-12-17
Embalse,PENOL,1005188000.0,2020-12-18
Embalse,PENOL,1000874000.0,2020-12-19
Embalse,PENOL,996497000.0,2020-12-20
Embalse,PENOL,993788000.0,2020-12-21
Embalse,PENOL,989799000.0,2020-12-22
Embalse,PENOL,987036000.0,2020-12-23
Embalse,PENOL,983608000.0,2020-12-24
Embalse,PENOL,982750000.0,2020-12-25
Embalse,PENOL,984466000.0,2020-12-26
Embalse,PENOL,983363000.0,2020-12-27
Embalse,PENOL,982321000.0,2020-12-28
Embalse,PENOL,979811000.0,2020-12-29
Embalse,PENOL,977310000.0,2020-12-30
Embalse,PENOL,973644000.0,2020-12-31
Embalse,PENOL,970901000.0,2021-01-01
Embalse,PENOL,968955000.0,2021-01-02
Embalse,PENOL,968955000.0,2021-01-03
Embalse,PENOL,965606000.0,2021-01-04
Embalse,PENOL,960932000.0,2021-01-05
Embalse,PENOL,956504000.0,2021-01-06
Embalse,PENOL,952696000.0,2021-01-07
Embalse,PENOL,951062000.0,2021-01-08
Embalse,PENOL,947324000.0,2021-01-09
Embalse,PENOL,945876000.0,2021-01-10
Embalse,PENOL,948222000.0,2021-01-11
Embalse,PENOL,952696000.0,2021-01-12
Embalse,PENOL,955719000.0,2021-01-13
Embalse,PENOL,959900000.0,2021-01-14
Embalse,PENOL,962269000.0,2021-01-15
Embalse,PENOL,964268000.0,2021-01-16
Embalse,PENOL,966275000.0,2021-01-17
Embalse,PENOL,963174000.0,2021-01-18
Embalse,PENOL,958262000.0,2021-01-19
Embalse,PENOL,953301000.0,2021-01-20
Embalse,PENOL,948585000.0,2021-01-21
Embalse,PENOL,944670000.0,2021-01-22
Embalse,PENOL,942200000.0,2021-01-23
Embalse,PENOL,940935000.0,2021-01-24
Embalse,PENOL,937154000.0,2021-01-25
Embalse,PENOL,933133000.0,2021-01-26
Embalse,PENOL,928528000.0,2021-01-27
Embalse,PENOL,923634000.0,2021-01-28
Embalse,PENOL,918745000.0,2021-01-29
Embalse,PENOL,913696000.0,2021-01-30
Embalse,PENOL,908659000.0,2021-01-31
Embalse,PENOL,903390000.0,2021-02-01
Embalse,PENOL,898674000.0,2021-02-02
Embalse,PENOL,893969000.0,2021-02-03
Embalse,PENOL,889092000.0,2021-02-04
Embalse,PENOL,886284000.0,2021-02-05
Embalse,PENOL,881777000.0,2021-02-06
Embalse,PENOL,876763000.0,2021-02-07
Embalse,PENOL,874083000.0,2021-02-08
Embalse,PENOL,872461000.0,2021-02-09
Embalse,PENOL,869613000.0,2021-02-10
Embalse,PENOL,865443000.0,2021-02-11
Embalse,PENOL,861102000.0,2021-02-12
Embalse,PENOL,856318000.0,2021-02-13
Embalse,PENOL,851143000.0,2021-02-14
Embalse,PENOL,846033000.0,2021-02-15
Embalse,PENOL,840830000.0,2021-02-16
Embalse,PENOL,835358000.0,2021-02-17
Embalse,PENOL,831486000.0,2021-02-18
Embalse,PENOL,827403000.0,2021-02-19
Embalse,PENOL,822594000.0,2021-02-20
Embalse,PENOL,819145000.0,2021-02-21
Embalse,PENOL,815259000.0,2021-02-22
Embalse,PENOL,811487000.0,2021-02-23
Embalse,PENOL,807225000.0,2021-02-24
Embalse,PENOL,803022000.0,2021-02-25
Embalse,PENOL,800792000.0,2021-02-26
Embalse,PENOL,798055000.0,2021-02-27
Embalse,PENOL,793881000.0,2021-02-28
Embalse,PENOL,789711000.0,2021-03-01
Embalse,PENOL,787996000.0,2021-03-02
Embalse,PENOL,784947000.0,2021-03-03
Embalse,PENOL,782844000.0,2021-03-04
Embalse,PENOL,779424000.0,2021-03-05
Embalse,PENOL,778210000.0,2021-03-06
Embalse,PENOL,781192000.0,2021-03-07
Embalse,PENOL,781413000.0,2021-03-08
Embalse,PENOL,780418000.0,2021-03-09
Embalse,PENOL,778927000.0,2021-03-10
Embalse,PENOL,778265000.0,2021-03-11
Embalse,PENOL,778651000.0,2021-03-12
Embalse,PENOL,779313000.0,2021-03-13
Embalse,PENOL,780750000.0,2021-03-14
Embalse,PENOL,780197000.0,2021-03-15
Embalse,PENOL,779976000.0,2021-03-16
Embalse,PENOL,782291000.0,2021-03-17
Embalse,PENOL,785778000.0,2021-03-18
Embalse,PENOL,792268000.0,2021-03-19
Embalse,PENOL,803974000.0,2021-03-20
Embalse,PENOL,811993000.0,2021-03-21
Embalse,PENOL,820727000.0,2021-03-22
Embalse,PENOL,825248000.0,2021-03-23
Embalse,PENOL,833649000.0,2021-03-24
Embalse,PENOL,840145000.0,2021-03-25
Embalse,PENOL,845173000.0,2021-03-26
Embalse,PENOL,850683000.0,2021-03-27
Embalse,PENOL,854934000.0,2021-03-28
Embalse,PENOL,859542000.0,2021-03-29
Embalse,PENOL,864574000.0,2021-03-30
Embalse,PENOL,868452000.0,2021-03-31
Embalse,PENOL,872170000.0,2021-04-01
Embalse,PENOL,875947000.0,2021-04-02
Embalse,PENOL,880966000.0,2021-04-03
Embalse,PENOL,886635000.0,2021-04-04
Embalse,PENOL,891558000.0,2021-04-05
Embalse,PENOL,892440000.0,2021-04-06
Embalse,PENOL,890383000.0,2021-04-07
Embalse,PENOL,887984000.0,2021-04-08
Embalse,PENOL,888274000.0,2021-04-09
Embalse,PENOL,890089000.0,2021-04-10
Embalse,PENOL,896846000.0,2021-04-11
Embalse,PENOL,903450000.0,2021-04-12
Embalse,PENOL,901389000.0,2021-04-13
Embalse,PENOL,903156000.0,2021-04-14
Embalse,PENOL,899500000.0,2021-04-15
Embalse,PENOL,902981000.0,2021-04-16
Embalse,PENOL,905461000.0,2021-04-17
Embalse,PENOL,908303000.0,2021-04-18
Embalse,PENOL,909133000.0,2021-04-19
Embalse,PENOL,904573000.0,2021-04-20
Embalse,PENOL,902806000.0,2021-04-21
Embalse,PENOL,900385000.0,2021-04-22
Embalse,PENOL,909252000.0,2021-04-23
Embalse,PENOL,912804000.0,2021-04-24
Embalse,PENOL,912211000.0,2021-04-25
Embalse,PENOL,908659000.0,2021-04-26
Embalse,PENOL,905697000.0,2021-04-27
Embalse,PENOL,904514000.0,2021-04-28
Embalse,PENOL,911617000.0,2021-04-29
Embalse,PENOL,918149000.0,2021-04-30
Embalse,PENOL,922858000.0,2021-05-01
Embalse,PENOL,931222000.0,2021-05-02
Embalse,PENOL,943043000.0,2021-05-03
Embalse,PENOL,952756000.0,2021-05-04
Embalse,PENOL,960750000.0,2021-05-05
Embalse,PENOL,968285000.0,2021-05-06
Embalse,PENOL,977310000.0,2021-05-07
Embalse,PENOL,986667000.0,2021-05-08
Embalse,PENOL,995943000.0,2021-05-09
Embalse,PENOL,1005868000.0,2021-05-10
Embalse,PENOL,1010933000.0,2021-05-11
Embalse,PENOL,1017371000.0,2021-05-12
Embalse,PENOL,1022587000.0,2021-05-13
Embalse,PENOL,1031668000.0,2021-05-14
Embalse,PENOL,1038963000.0,2021-05-15
Embalse,PENOL,1049213000.0,2021-05-16
Embalse,PENOL,1061582000.0,2021-05-17
Embalse,PENOL,1065353000.0,2021-05-18
Embalse,PENOL,1067308000.0,2021-05-19
Embalse,PENOL,1067434000.0,2021-05-20
Embalse,PENOL,1065984000.0,2021-05-21
Embalse,PENOL,1072160000.0,2021-05-22
Embalse,PENOL,1071655000.0,2021-05-23
Embalse,PENOL,1070273000.0,2021-05-24
Embalse,PENOL,1072666000.0,2021-05-25
Embalse,PENOL,1074308000.0,2021-05-26
Embalse,PENOL,1072981000.0,2021-05-27
Embalse,PENOL,1070905000.0,2021-05-28
Embalse,PENOL,1069390000.0,2021-05-29
Embalse,PENOL,1070526000.0,2021-05-30
Embalse,PENOL,1074308000.0,2021-05-31
Embalse,PENOL,1080882000.0,2021-06-01
Embalse,PENOL,1085066000.0,2021-06-02
Embalse,PENOL,1086968000.0,2021-06-03
Embalse,PENOL,1085447000.0,2021-06-04
Embalse,PENOL,1078357000.0,2021-06-05
Embalse,PENOL,1076522000.0,2021-06-06
Embalse,PENOL,1075194000.0,2021-06-07
Embalse,PENOL,1082403000.0,2021-06-08
Embalse,PENOL,1086968000.0,2021-06-09
Embalse,PENOL,1085891000.0,2021-06-10
Embalse,PENOL,1083354000.0,2021-06-11
Embalse,PENOL,1084115000.0,2021-06-12
Embalse,PENOL,1082847000.0,2021-06-13
Embalse,PENOL,1086145000.0,2021-06-14
Embalse,PENOL,1082466000.0,2021-06-15
Embalse,PENOL,1080819000.0,2021-06-16
Embalse,PENOL,1076142000.0,2021-06-17
Embalse,PENOL,1073487000.0,2021-06-18
Embalse,PENOL,1071156000.0,2021-06-19
Embalse,PENOL,1073171000.0,2021-06-20
Embalse,PENOL,1080059000.0,2021-06-21
Embalse,PENOL,1081072000.0,2021-06-22
Embalse,PENOL,1083861000.0,2021-06-23
Embalse,PENOL,1085764000.0,2021-06-24
Embalse,PENOL,1083924000.0,2021-06-25
Embalse,PENOL,1078737000.0,2021-06-26
Embalse,PENOL,1077408000.0,2021-06-27
Embalse,PENOL,1075130000.0,2021-06-28
Embalse,PENOL,1072666000.0,2021-06-29
Embalse,PENOL,1068254000.0,2021-06-30
Embalse,PENOL,1064282000.0,2021-07-01
Embalse,PENOL,1060512000.0,2021-07-02
Embalse,PENOL,1056864000.0,2021-07-03
Embalse,PENOL,1054233000.0,2021-07-04
Embalse,PENOL,1051094000.0,2021-07-05
Embalse,PENOL,1051722000.0,2021-07-06
Embalse,PENOL,1049150000.0,2021-07-07
Embalse,PENOL,1047090000.0,2021-07-08
Embalse,PENOL,1045649000.0,2021-07-09
Embalse,PENOL,1046902000.0,2021-07-10
Embalse,PENOL,1046588000.0,2021-07-11
Embalse,PENOL,1043708000.0,2021-07-12
Embalse,PENOL,1041206000.0,2021-07-13
Embalse,PENOL,1039463000.0,2021-07-14
Embalse,PENOL,1040330000.0,2021-07-15
Embalse,PENOL,1047215000.0,2021-07-16
Embalse,PENOL,1049840000.0,2021-07-17
Embalse,PENOL,1050969000.0,2021-07-18
Embalse,PENOL,1048212000.0,2021-07-19
Embalse,PENOL,1044897000.0,2021-07-20
Embalse,PENOL,1041331000.0,2021-07-21
Embalse,PENOL,1037713000.0,2021-07-22
Embalse,PENOL,1033843000.0,2021-07-23
Embalse,PENOL,1032969000.0,2021-07-24
Embalse,PENOL,1032474000.0,2021-07-25
Embalse,PENOL,1030857000.0,2021-07-26
Embalse,PENOL,1032290000.0,2021-07-27
Embalse,PENOL,1030110000.0,2021-07-28
Embalse,PENOL,1026871000.0,2021-07-29
Embalse,PENOL,1023893000.0,2021-07-30
Embalse,PENOL,1020164000.0,2021-07-31
Embalse,PENOL,1016448000.0,2021-08-01
Embalse,PENOL,1012419000.0,2021-08-02
Embalse,PENOL,1008833000.0,2021-08-03
Embalse,PENOL,1008156000.0,2021-08-04
Embalse,PENOL,1004509000.0,2021-08-05
Embalse,PENOL,999887000.0,2021-08-06
Embalse,PENOL,997236000.0,2021-08-07
Embalse,PENOL,996928000.0,2021-08-08
Embalse,PENOL,994281000.0,2021-08-09
Embalse,PENOL,992135000.0,2021-08-10
Embalse,PENOL,989738000.0,2021-08-11
Embalse,PENOL,991336000.0,2021-08-12
Embalse,PENOL,995635000.0,2021-08-13
Embalse,PENOL,1000689000.0,2021-08-14
Embalse,PENOL,1004076000.0,2021-08-15
Embalse,PENOL,1005250000.0,2021-08-16
Embalse,PENOL,1009880000.0,2021-08-17
Embalse,PENOL,1012790000.0,2021-08-18
Embalse,PENOL,1012667000.0,2021-08-19
Embalse,PENOL,1013534000.0,2021-08-20
Embalse,PENOL,1011614000.0,2021-08-21
Embalse,PENOL,1009139000.0,2021-08-22
Embalse,PENOL,1011861000.0,2021-08-23
Embalse,PENOL,1013038000.0,2021-08-24
Embalse,PENOL,1017185000.0,2021-08-25
Embalse,PENOL,1018364000.0,2021-08-26
Embalse,PENOL,1018488000.0,2021-08-27
Embalse,PENOL,1019109000.0,2021-08-28
Embalse,PENOL,1017185000.0,2021-08-29
Embalse,PENOL,1023022000.0,2021-08-30
Embalse,PENOL,1027556000.0,2021-08-31
Embalse,PENOL,1032228000.0,2021-09-01
Embalse,PENOL,1032721000.0,2021-09-02
Embalse,PENOL,1033531000.0,2021-09-03
Embalse,PENOL,1034404000.0,2021-09-04
Embalse,PENOL,1040518000.0,2021-09-05
Embalse,PENOL,1040768000.0,2021-09-06
Embalse,PENOL,1048336000.0,2021-09-07
Embalse,PENOL,1055112000.0,2021-09-08
Embalse,PENOL,1054170000.0,2021-09-09
Embalse,PENOL,1053919000.0,2021-09-10
Embalse,PENOL,1054610000.0,2021-09-11
Embalse,PENOL,1055425000.0,2021-09-12
Embalse,PENOL,1054421000.0,2021-09-13
Embalse,PENOL,1055487000.0,2021-09-14
Embalse,PENOL,1059442000.0,2021-09-15
Embalse,PENOL,1056990000.0,2021-09-16
Embalse,PENOL,1053730000.0,2021-09-17
Embalse,PENOL,1050091000.0,2021-09-18
Embalse,PENOL,1052852000.0,2021-09-19
Embalse,PENOL,1053040000.0,2021-09-20
Embalse,PENOL,1051785000.0,2021-09-21
Embalse,PENOL,1052036000.0,2021-09-22
Embalse,PENOL,1056801000.0,2021-09-23
Embalse,PENOL,1059190000.0,2021-09-24
Embalse,PENOL,1056298000.0,2021-09-25
Embalse,PENOL,1056235000.0,2021-09-26
Embalse,PENOL,1052600000.0,2021-09-27
Embalse,PENOL,1052349000.0,2021-09-28
Embalse,PENOL,1050844000.0,2021-09-29
Embalse,PENOL,1053479000.0,2021-09-30
Embalse,PENOL,1051785000.0,2021-10-01
Embalse,PENOL,1057241000.0,2021-10-02
Embalse,PENOL,1057870000.0,2021-10-03
Embalse,PENOL,1055984000.0,2021-10-04
Embalse,PENOL,1055921000.0,2021-10-05
Embalse,PENOL,1058562000.0,2021-10-06
Embalse,PENOL,1060763000.0,2021-10-07
Embalse,PENOL,1057492000.0,2021-10-08
Embalse,PENOL,1054610000.0,2021-10-09
Embalse,PENOL,1053291000.0,2021-10-10
Embalse,PENOL,1051157000.0,2021-10-11
Embalse,PENOL,1049025000.0,2021-10-12
Embalse,PENOL,1050279000.0,2021-10-13
Embalse,PENOL,1053103000.0,2021-10-14
Embalse,PENOL,1055238000.0,2021-10-15
Embalse,PENOL,1059379000.0,2021-10-16
Embalse,PENOL,1061204000.0,2021-10-17
Embalse,PENOL,1061708000.0,2021-10-18
Embalse,PENOL,1062463000.0,2021-10-19
Embalse,PENOL,1063093000.0,2021-10-20
Embalse,PENOL,1062211000.0,2021-10-21
Embalse,PENOL,1061644000.0,2021-10-22
Embalse,PENOL,1060323000.0,2021-10-23
Embalse,PENOL,1058121000.0,2021-10-24
Embalse,PENOL,1058562000.0,2021-10-25
Embalse,PENOL,1062463000.0,2021-10-26
Embalse,PENOL,1067434000.0,2021-10-27
Embalse,PENOL,1066236000.0,2021-10-28
Embalse,PENOL,1065101000.0,2021-10-29
Embalse,PENOL,1064345000.0,2021-10-30
Embalse,PENOL,1064345000.0,2021-10-31
Embalse,PENOL,1066299000.0,2021-11-01
Embalse,PENOL,1065353000.0,2021-11-02
Embalse,PENOL,1065353000.0,2021-11-03
Embalse,PENOL,1068506000.0,2021-11-04
Embalse,PENOL,1065984000.0,2021-11-05
Embalse,PENOL,1064723000.0,2021-11-06
Embalse,PENOL,1062211000.0,2021-11-07
Embalse,PENOL,1062841000.0,2021-11-08
Embalse,PENOL,1062841000.0,2021-11-09
Embalse,PENOL,1063844000.0,2021-11-10
Embalse,PENOL,1061708000.0,2021-11-11
Embalse,PENOL,1059253000.0,2021-11-12
Embalse,PENOL,1060008000.0,2021-11-13
Embalse,PENOL,1059442000.0,2021-11-14
Embalse,PENOL,1057430000.0,2021-11-15
Embalse,PENOL,1055112000.0,2021-11-16
Embalse,PENOL,1052726000.0,2021-11-17
Embalse,PENOL,1050028000.0,2021-11-18
Embalse,PENOL,1050718000.0,2021-11-19
Embalse,PENOL,1050028000.0,2021-11-20
Embalse,PENOL,1049464000.0,2021-11-21
Embalse,PENOL,1048586000.0,2021-11-22
Embalse,PENOL,1050467000.0,2021-11-23
Embalse,PENOL,1054986000.0,2021-11-24
Embalse,PENOL,1059002000.0,2021-11-25
Embalse,PENOL,1063345000.0,2021-11-26
Embalse,PENOL,1067749000.0,2021-11-27
Embalse,PENOL,1067560000.0,2021-11-28
Embalse,PENOL,1065227000.0,2021-11-29
Embalse,PENOL,1066362000.0,2021-11-30
Embalse,PENOL,1068191000.0,2021-12-01
Embalse,PENOL,1068191000.0,2021-12-02
Embalse,PENOL,1071156000.0,2021-12-03
Embalse,PENOL,1073171000.0,2021-12-04
Embalse,PENOL,1074498000.0,2021-12-05
Embalse,PENOL,1073297000.0,2021-12-06
Embalse,PENOL,1070210000.0,2021-12-07
Embalse,PENOL,1069011000.0,2021-12-08
Embalse,PENOL,1066614000.0,2021-12-09
Embalse,PENOL,1064031000.0,2021-12-10
Embalse,PENOL,1061833000.0,2021-12-11
Embalse,PENOL,1059694000.0,2021-12-12
Embalse,PENOL,1057367000.0,2021-12-13
Embalse,PENOL,1055112000.0,2021-12-14
Embalse,PENOL,1052977000.0,2021-12-15
Embalse,PENOL,1050906000.0,2021-12-16
Embalse,PENOL,1049464000.0,2021-12-17
Embalse,PENOL,1048088000.0,2021-12-18
Embalse,PENOL,1045085000.0,2021-12-19
Embalse,PENOL,1042144000.0,2021-12-20
Embalse,PENOL,1039213000.0,2021-12-21
Embalse,PENOL,1036464000.0,2021-12-22
Embalse,PENOL,1032536000.0,2021-12-23
Embalse,PENOL,1028365000.0,2021-12-24
Embalse,PENOL,1025751000.0,2021-12-25
Embalse,PENOL,1023022000.0,2021-12-26
Embalse,PENOL,1020350000.0,2021-12-27
Embalse,PENOL,1016756000.0,2021-12-28
Embalse,PENOL,1013968000.0,2021-12-29
Embalse,PENOL,1010933000.0,2021-12-30
Embalse,PENOL,1007104000.0,2021-12-31
Embalse,PENOL,1003644000.0,2022-01-01
Embalse,PENOL,1001121000.0,2022-01-02
Embalse,PENOL,997668000.0,2022-01-03
Embalse,PENOL,994034000.0,2022-01-04
Embalse,PENOL,989553000.0,2022-01-05
Embalse,PENOL,986606000.0,2022-01-06
Embalse,PENOL,985754000.0,2022-01-07
Embalse,PENOL,982566000.0,2022-01-08
Embalse,PENOL,985386000.0,2022-01-09
Embalse,PENOL,988386000.0,2022-01-10
Embalse,PENOL,986913000.0,2022-01-11
Embalse,PENOL,983976000.0,2022-01-12
Embalse,PENOL,988816000.0,2022-01-13
Embalse,PENOL,988263000.0,2022-01-14
Embalse,PENOL,984896000.0,2022-01-15
Embalse,PENOL,981035000.0,2022-01-16
Embalse,PENOL,984283000.0,2022-01-17
Embalse,PENOL,980178000.0,2022-01-18
Embalse,PENOL,975904000.0,2022-01-19
Embalse,PENOL,976087000.0,2022-01-20
Embalse,PENOL,975110000.0,2022-01-21
Embalse,PENOL,970479000.0,2022-01-22
Embalse,PENOL,965667000.0,2022-01-23
Embalse,PENOL,960811000.0,2022-01-24
Embalse,PENOL,956867000.0,2022-01-25
Embalse,PENOL,953422000.0,2022-01-26
Embalse,PENOL,950035000.0,2022-01-27
Embalse,PENOL,946962000.0,2022-01-28
Embalse,PENOL,943886000.0,2022-01-29
Embalse,PENOL,939198000.0,2022-01-30
Embalse,PENOL,936434000.0,2022-01-31
Embalse,PENOL,931642000.0,2022-02-01
Embalse,PENOL,926554000.0,2022-02-02
Embalse,PENOL,921486000.0,2022-02-03
Embalse,PENOL,917796000.0,2022-02-04
Embalse,PENOL,913517000.0,2022-02-05
Embalse,PENOL,909133000.0,2022-02-06
Embalse,PENOL,905402000.0,2022-02-07
Embalse,PENOL,901152000.0,2022-02-08
Embalse,PENOL,896788000.0,2022-02-09
Embalse,PENOL,892969000.0,2022-02-10
Embalse,PENOL,888043000.0,2022-02-11
Embalse,PENOL,883122000.0,2022-02-12
Embalse,PENOL,881952000.0,2022-02-13
Embalse,PENOL,878105000.0,2022-02-14
Embalse,PENOL,873276000.0,2022-02-15
Embalse,PENOL,868626000.0,2022-02-16
Embalse,PENOL,863995000.0,2022-02-17
Embalse,PENOL,860293000.0,2022-02-18
Embalse,PENOL,856029000.0,2022-02-19
Embalse,PENOL,856779000.0,2022-02-20
Embalse,PENOL,855280000.0,2022-02-21
Embalse,PENOL,853667000.0,2022-02-22
Embalse,PENOL,849821000.0,2022-02-23
Embalse,PENOL,845689000.0,2022-02-24
Embalse,PENOL,842546000.0,2022-02-25
Embalse,PENOL,840202000.0,2022-02-26
Embalse,PENOL,837011000.0,2022-02-27
Embalse,PENOL,839802000.0,2022-02-28
Embalse,PENOL,843519000.0,2022-03-01
Embalse,PENOL,849591000.0,2022-03-02
Embalse,PENOL,848615000.0,2022-03-03
Embalse,PENOL,848787000.0,2022-03-04
Embalse,PENOL,847467000.0,2022-03-05
Embalse,PENOL,849993000.0,2022-03-06
Embalse,PENOL,850051000.0,2022-03-07
Embalse,PENOL,851488000.0,2022-03-08
Embalse,PENOL,848500000.0,2022-03-09
Embalse,PENOL,850223000.0,2022-03-10
Embalse,PENOL,848098000.0,2022-03-11
Embalse,PENOL,851718000.0,2022-03-12
Embalse,PENOL,852404000.0,2022-03-13
Embalse,PENOL,851258000.0,2022-03-14
Embalse,PENOL,851143000.0,2022-03-15
Embalse,PENOL,852005000.0,2022-03-16
Embalse,PENOL,850913000.0,2022-03-17
Embalse,PENOL,849361000.0,2022-03-18
Embalse,PENOL,849591000.0,2022-03-19
Embalse,PENOL,851200000.0,2022-03-20
Embalse,PENOL,853092000.0,2022-03-21
Embalse,PENOL,852804000.0,2022-03-22
Embalse,PENOL,854704000.0,2022-03-23
Embalse,PENOL,851373000.0,2022-03-24
Embalse,PENOL,848098000.0,2022-03-25
Embalse,PENOL,845173000.0,2022-03-26
Embalse,PENOL,844493000.0,2022-03-27
Embalse,PENOL,844206000.0,2022-03-28
Embalse,PENOL,847869000.0,2022-03-29
Embalse,PENOL,850396000.0,2022-03-30
Embalse,PENOL,854531000.0,2022-03-31
Embalse,PENOL,864053000.0,2022-04-01
Embalse,PENOL,868626000.0,2022-04-02
Embalse,PENOL,868452000.0,2022-04-03
Embalse,PENOL,867407000.0,2022-04-04
Embalse,PENOL,870484000.0,2022-04-05
Embalse,PENOL,875656000.0,2022-04-06
Embalse,PENOL,881024000.0,2022-04-07
Embalse,PENOL,885346000.0,2022-04-08
Embalse,PENOL,889913000.0,2022-04-09
Embalse,PENOL,891499000.0,2022-04-10
Embalse,PENOL,890677000.0,2022-04-11
Embalse,PENOL,889972000.0,2022-04-12
Embalse,PENOL,890324000.0,2022-04-13
Embalse,PENOL,886987000.0,2022-04-14
Embalse,PENOL,884000000.0,2022-04-15
Embalse,PENOL,880732000.0,2022-04-16
Embalse,PENOL,878105000.0,2022-04-17
Embalse,PENOL,876647000.0,2022-04-18
Embalse,PENOL,877346000.0,2022-04-19
Embalse,PENOL,882420000.0,2022-04-20
Embalse,PENOL,887867000.0,2022-04-21
Embalse,PENOL,902157000.0,2022-04-22
Embalse,PENOL,913814000.0,2022-04-23
Embalse,PENOL,915300000.0,2022-04-24
Embalse,PENOL,915062000.0,2022-04-25
Embalse,PENOL,919936000.0,2022-04-26
Embalse,PENOL,920413000.0,2022-04-27
Embalse,PENOL,921427000.0,2022-04-28
Embalse,PENOL,920353000.0,2022-04-29
Embalse,PENOL,917796000.0,2022-04-30
Embalse,PENOL,914706000.0,2022-05-01
Embalse,PENOL,913042000.0,2022-05-02
Embalse,PENOL,913933000.0,2022-05-03
Embalse,PENOL,915479000.0,2022-05-04
Embalse,PENOL,915598000.0,2022-05-05
Embalse,PENOL,917382000.0,2022-05-06
Embalse,PENOL,924709000.0,2022-05-07
Embalse,PENOL,927810000.0,2022-05-08
Embalse,PENOL,931042000.0,2022-05-09
Embalse,PENOL,929366000.0,2022-05-10
Embalse,PENOL,928887000.0,2022-05-11
Embalse,PENOL,930803000.0,2022-05-12
Embalse,PENOL,933133000.0,2022-05-13
Embalse,PENOL,935173000.0,2022-05-14
Embalse,PENOL,940637000.0,2022-05-15
Embalse,PENOL,942019000.0,2022-05-16
Embalse,PENOL,942139000.0,2022-05-17
Embalse,PENOL,943163000.0,2022-05-18
Embalse,PENOL,943826000.0,2022-05-19
Embalse,PENOL,942200000.0,2022-05-20
Embalse,PENOL,940816000.0,2022-05-21
Embalse,PENOL,939378000.0,2022-05-22
Embalse,PENOL,937996000.0,2022-05-23
Embalse,PENOL,939318000.0,2022-05-24
Embalse,PENOL,939559000.0,2022-05-25
Embalse,PENOL,940459000.0,2022-05-26
Embalse,PENOL,937154000.0,2022-05-27
Embalse,PENOL,932954000.0,2022-05-28
Embalse,PENOL,932836000.0,2022-05-29
Embalse,PENOL,935053000.0,2022-05-30
Embalse,PENOL,935113000.0,2022-05-31
Embalse,PENOL,935953000.0,2022-06-01
Embalse,PENOL,939078000.0,2022-06-02
Embalse,PENOL,942079000.0,2022-06-03
Embalse,PENOL,944007000.0,2022-06-04
Embalse,PENOL,947022000.0,2022-06-05
Embalse,PENOL,947863000.0,2022-06-06
Embalse,PENOL,953301000.0,2022-06-07
Embalse,PENOL,953059000.0,2022-06-08
Embalse,PENOL,953059000.0,2022-06-09
Embalse,PENOL,952454000.0,2022-06-10
Embalse,PENOL,953725000.0,2022-06-11
Embalse,PENOL,955117000.0,2022-06-12
Embalse,PENOL,955420000.0,2022-06-13
Embalse,PENOL,957716000.0,2022-06-14
Embalse,PENOL,964389000.0,2022-06-15
Embalse,PENOL,974194000.0,2022-06-16
Embalse,PENOL,977249000.0,2022-06-17
Embalse,PENOL,982199000.0,2022-06-18
Embalse,PENOL,988386000.0,2022-06-19
Embalse,PENOL,994404000.0,2022-06-20
Embalse,PENOL,997606000.0,2022-06-21
Embalse,PENOL,1001365000.0,2022-06-22
Embalse,PENOL,1003644000.0,2022-06-23
Embalse,PENOL,1002965000.0,2022-06-24
Embalse,PENOL,1003088000.0,2022-06-25
Embalse,PENOL,1007042000.0,2022-06-26
Embalse,PENOL,1010438000.0,2022-06-27
Embalse,PENOL,1018674000.0,2022-06-28
Embalse,PENOL,1032413000.0,2022-06-29
Embalse,PENOL,1036526000.0,2022-06-30
Embalse,PENOL,1040268000.0,2022-07-01
Embalse,PENOL,1046338000.0,2022-07-02
Embalse,PENOL,1048899000.0,2022-07-03
Embalse,PENOL,1048649000.0,2022-07-04
Embalse,PENOL,1047653000.0,2022-07-05
Embalse,PENOL,1049464000.0,2022-07-06
Embalse,PENOL,1047964000.0,2022-07-07
Embalse,PENOL,1046150000.0,2022-07-08
Embalse,PENOL,1044146000.0,2022-07-09
Embalse,PENOL,1047277000.0,2022-07-10
Embalse,PENOL,1049464000.0,2022-07-11
Embalse,PENOL,1054421000.0,2022-07-12
Embalse,PENOL,1057681000.0,2022-07-13
Embalse,PENOL,1058876000.0,2022-07-14
Embalse,PENOL,1056738000.0,2022-07-15
Embalse,PENOL,1055112000.0,2022-07-16
Embalse,PENOL,1057681000.0,2022-07-17
Embalse,PENOL,1057807000.0,2022-07-18
Embalse,PENOL,1054986000.0,2022-07-19
Embalse,PENOL,1052161000.0,2022-07-20
Embalse,PENOL,1049965000.0,2022-07-21
Embalse,PENOL,1053919000.0,2022-07-22
Embalse,PENOL,1055549000.0,2022-07-23
Embalse,PENOL,1054044000.0,2022-07-24
Embalse,PENOL,1055984000.0,2022-07-25
Embalse,PENOL,1055549000.0,2022-07-26
Embalse,PENOL,1054044000.0,2022-07-27
Embalse,PENOL,1068254000.0,2022-07-28
Embalse,PENOL,1072602000.0,2022-07-29
Embalse,PENOL,1073424000.0,2022-07-30
Embalse,PENOL,1069453000.0,2022-07-31
Embalse,PENOL,1074308000.0,2022-08-01
Embalse,PENOL,1075573000.0,2022-08-02
Embalse,PENOL,1073424000.0,2022-08-03
Embalse,PENOL,1071655000.0,2022-08-04
Embalse,PENOL,1073992000.0,2022-08-05
Embalse,PENOL,1077850000.0,2022-08-06
Embalse,PENOL,1076142000.0,2022-08-07
Embalse,PENOL,1074878000.0,2022-08-08
Embalse,PENOL,1070842000.0,2022-08-09
Embalse,PENOL,1068506000.0,2022-08-10
Embalse,PENOL,1063782000.0,2022-08-11
Embalse,PENOL,1060574000.0,2022-08-12
Embalse,PENOL,1057555000.0,2022-08-13
Embalse,PENOL,1054986000.0,2022-08-14
Embalse,PENOL,1056675000.0,2022-08-15
Embalse,PENOL,1058939000.0,2022-08-16
Embalse,PENOL,1056298000.0,2022-08-17
Embalse,PENOL,1054170000.0,2022-08-18
Embalse,PENOL,1055112000.0,2022-08-19
Embalse,PENOL,1055425000.0,2022-08-20
Embalse,PENOL,1052287000.0,2022-08-21
Embalse,PENOL,1057618000.0,2022-08-22
Embalse,PENOL,1058121000.0,2022-08-23
Embalse,PENOL,1057304000.0,2022-08-24
Embalse,PENOL,1056738000.0,2022-08-25
Embalse,PENOL,1055487000.0,2022-08-26
Embalse,PENOL,1055363000.0,2022-08-27
Embalse,PENOL,1057681000.0,2022-08-28
Embalse,PENOL,1061015000.0,2022-08-29
Embalse,PENOL,1057241000.0,2022-08-30
Embalse,PENOL,1056424000.0,2022-08-31
Embalse,PENOL,1053103000.0,2022-09-01
Embalse,PENOL,1051973000.0,2022-09-02
Embalse,PENOL,1049652000.0,2022-09-03
Embalse,PENOL,1047716000.0,2022-09-04
Embalse,PENOL,1042564000.0,2022-09-05
Embalse,PENOL,1043460000.0,2022-09-06
Embalse,PENOL,1043460000.0,2022-09-07
Embalse,PENOL,1046650000.0,2022-09-08
Embalse,PENOL,1047930000.0,2022-09-09
Embalse,PENOL,1046650000.0,2022-09-10
Embalse,PENOL,1045380000.0,2022-09-11
Embalse,PENOL,1047930000.0,2022-09-12
Embalse,PENOL,1053060000.0,2022-09-13
Embalse,PENOL,1056250000.0,2022-09-14
Embalse,PENOL,1059460000.0,2022-09-15
Embalse,PENOL,1071000000.0,2022-09-16
Embalse,PENOL,1071640000.0,2022-09-17
Embalse,PENOL,1076790000.0,2022-09-18
Embalse,PENOL,1076140000.0,2022-09-19
Embalse,PENOL,1073570000.0,2022-09-20
Embalse,PENOL,1071640000.0,2022-09-21
Embalse,PENOL,1069720000.0,2022-09-22
Embalse,PENOL,1071640000.0,2022-09-23
Embalse,PENOL,1070360000.0,2022-09-24
Embalse,PENOL,1071640000.0,2022-09-25
Embalse,PENOL,1070360000.0,2022-09-26
Embalse,PENOL,1067150000.0,2022-09-27
Embalse,PENOL,1063940000.0,2022-09-28
Embalse,PENOL,1062660000.0,2022-09-29
Embalse,PENOL,1060740000.0,2022-09-30
Embalse,PENOL,1057274000.0,2022-10-01
Embalse,PENOL,1053882000.0,2022-10-02
Embalse,PENOL,1053186000.0,2022-10-03
Embalse,PENOL,1050170000.0,2022-10-04
Embalse,PENOL,1051450000.0,2022-10-05
Embalse,PENOL,1052868000.0,2022-10-06
Embalse,PENOL,1053249000.0,2022-10-07
Embalse,PENOL,1057274000.0,2022-10-08
Embalse,PENOL,1056570000.0,2022-10-09
Embalse,PENOL,1054202000.0,2022-10-10
Embalse,PENOL,1051258000.0,2022-10-11
Embalse,PENOL,1047482000.0,2022-10-12
Embalse,PENOL,1046524000.0,2022-10-13
Embalse,PENOL,1044484000.0,2022-10-14
Embalse,PENOL,1043524000.0,2022-10-15
Embalse,PENOL,1043972000.0,2022-10-16
Embalse,PENOL,1042372000.0,2022-10-17
Embalse,PENOL,1041294000.0,2022-10-18
Embalse,PENOL,1042308000.0,2022-10-19
Embalse,PENOL,1044228000.0,2022-10-20
Embalse,PENOL,1043716000.0,2022-10-21
Embalse,PENOL,1044292000.0,2022-10-22
Embalse,PENOL,1049594000.0,2022-10-23
Embalse,PENOL,1050426000.0,2022-10-24
Embalse,PENOL,1054010000.0,2022-10-25
Embalse,PENOL,1057850000.0,2022-10-26
Embalse,PENOL,1059135000.0,2022-10-27
Embalse,PENOL,1071064000.0,2022-10-28
Embalse,PENOL,1078518000.0,2022-10-29
Embalse,PENOL,1077622000.0,2022-10-30
Embalse,PENOL,1075180000.0,2022-10-31
Embalse,PENOL,1072600000.0,2022-11-01
Embalse,PENOL,1069592000.0,2022-11-02
Embalse,PENOL,1066382000.0,2022-11-03
Embalse,PENOL,1067790000.0,2022-11-04
Embalse,PENOL,1065870000.0,2022-11-05
Embalse,PENOL,1069208000.0,2022-11-06
Embalse,PENOL,1068690000.0,2022-11-07
Embalse,PENOL,1072216000.0,2022-11-08
Embalse,PENOL,1078262000.0,2022-11-09
Embalse,PENOL,1083275000.0,2022-11-10
Embalse,PENOL,1085982000.0,2022-11-11
Embalse,PENOL,1085214000.0,2022-11-12
Embalse,PENOL,1087144000.0,2022-11-13
Embalse,PENOL,1083084000.0,2022-11-14
Embalse,PENOL,1084630000.0,2022-11-15
Embalse,PENOL,1082125000.0,2022-11-16
Embalse,PENOL,1079094000.0,2022-11-17
Embalse,PENOL,1075564000.0,2022-11-18
Embalse,PENOL,1070872000.0,2022-11-19
Embalse,PENOL,1068238000.0,2022-11-20
Embalse,PENOL,1064580000.0,2022-11-21
Embalse,PENOL,1064900000.0,2022-11-22
Embalse,PENOL,1067150000.0,2022-11-23
Embalse,PENOL,1067470000.0,2022-11-24
Embalse,PENOL,1065870000.0,2022-11-25
Embalse,PENOL,1065998000.0,2022-11-26
Embalse,PENOL,1064196000.0,2022-11-27
Embalse,PENOL,1065805000.0,2022-11-28
Embalse,PENOL,1066446000.0,2022-11-29
Embalse,PENOL,1065220000.0,2022-11-30
Embalse,PENOL,1062532000.0,2022-12-01
Embalse,PENOL,1058426000.0,2022-12-02
Embalse,PENOL,1056186000.0,2022-12-03
Embalse,PENOL,1053882000.0,2022-12-04
Embalse,PENOL,1051706000.0,2022-12-05
Embalse,PENOL,1051002000.0,2022-12-06
Embalse,PENOL,1050554000.0,2022-12-07
Embalse,PENOL,1050938000.0,2022-12-08
Embalse,PENOL,1050106000.0,2022-12-09
Embalse,PENOL,1048186000.0,2022-12-10
Embalse,PENOL,1049210000.0,2022-12-11
Embalse,PENOL,1050490000.0,2022-12-12
Embalse,PENOL,1051770000.0,2022-12-13
Embalse,PENOL,1049850000.0,2022-12-14
Embalse,PENOL,1047290000.0,2022-12-15
Embalse,PENOL,1044100000.0,2022-12-16
Embalse,PENOL,1042820000.0,2022-12-17
Embalse,PENOL,1039630000.0,2022-12-18
Embalse,PENOL,1040260000.0,2022-12-19
Embalse,PENOL,1040260000.0,2022-12-20
Embalse,PENOL,1037080000.0,2022-12-21
Embalse,PENOL,1033250000.0,2022-12-22
Embalse,PENOL,1029818000.0,2022-12-23
Embalse,PENOL,1026506000.0,2022-12-24
Embalse,PENOL,1022942000.0,2022-12-25
Embalse,PENOL,1019459000.0,2022-12-26
Embalse,PENOL,1016410000.0,2022-12-27
Embalse,PENOL,1012111000.0,2022-12-28
Embalse,PENOL,1007880000.0,2022-12-29
Embalse,PENOL,1003785000.0,2022-12-30
Embalse,PENOL,999826000.0,2022-12-31
Embalse,PENOL,995761000.0,2023-01-01
Embalse,PENOL,991570000.0,2023-01-02
Embalse,PENOL,988532000.0,2023-01-03
Embalse,PENOL,984730000.0,2023-01-04
Embalse,PENOL,981640000.0,2023-01-05
Embalse,PENOL,977620000.0,2023-01-06
Embalse,PENOL,975155000.0,2023-01-07
Embalse,PENOL,972451000.0,2023-01-08
Embalse,PENOL,970664000.0,2023-01-09
Embalse,PENOL,969868000.0,2023-01-10
Embalse,PENOL,969496000.0,2023-01-11
Embalse,PENOL,969188000.0,2023-01-12
Embalse,PENOL,966498000.0,2023-01-13
Embalse,PENOL,962824000.0,2023-01-14
Embalse,PENOL,960384000.0,2023-01-15
Embalse,PENOL,958381000.0,2023-01-16
Embalse,PENOL,956800000.0,2023-01-17
Embalse,PENOL,956620000.0,2023-01-18
Embalse,PENOL,953210000.0,2023-01-19
Embalse,PENOL,950490000.0,2023-01-20
Embalse,PENOL,947520000.0,2023-01-21
Embalse,PENOL,942990000.0,2023-01-22
Embalse,PENOL,941180000.0,2023-01-23
Embalse,PENOL,938470000.0,2023-01-24
Embalse,PENOL,933730000.0,2023-01-25
Embalse,PENOL,928770000.0,2023-01-26
Embalse,PENOL,924700000.0,2023-01-27
Embalse,PENOL,922910000.0,2023-01-28
Embalse,PENOL,918040000.0,2023-01-29
Embalse,PENOL,913830000.0,2023-01-30
Embalse,PENOL,908790000.0,2023-01-31
Embalse,PENOL,904892000.0,2023-02-01
Embalse,PENOL,899304000.0,2023-02-02
Embalse,PENOL,895068000.0,2023-02-03
Embalse,PENOL,892902000.0,2023-02-04
Embalse,PENOL,888154000.0,2023-02-05
Embalse,PENOL,883426000.0,2023-02-06
Embalse,PENOL,881096000.0,2023-02-07
Embalse,PENOL,876040000.0,2023-02-08
Embalse,PENOL,873884000.0,2023-02-09
Embalse,PENOL,872144000.0,2023-02-10
Embalse,PENOL,868906000.0,2023-02-11
Embalse,PENOL,868442000.0,2023-02-12
Embalse,PENOL,866654000.0,2023-02-13
Embalse,PENOL,864750000.0,2023-02-14
Embalse,PENOL,867982000.0,2023-02-15
Embalse,PENOL,867925000.0,2023-02-16
Embalse,PENOL,863828000.0,2023-02-17
Embalse,PENOL,861754000.0,2023-02-18
Embalse,PENOL,856120000.0,2023-02-19
Embalse,PENOL,851768000.0,2023-02-20
Embalse,PENOL,850158000.0,2023-02-21
Embalse,PENOL,845193000.0,2023-02-22
Embalse,PENOL,846903000.0,2023-02-23
Embalse,PENOL,844908000.0,2023-02-24
Embalse,PENOL,839788000.0,2023-02-25
Embalse,PENOL,834393000.0,2023-02-26
Embalse,PENOL,830256000.0,2023-02-27
Embalse,PENOL,826306000.0,2023-02-28
Embalse,PENOL,822468000.0,2023-03-01
Embalse,PENOL,820676000.0,2023-03-02
Embalse,PENOL,816848000.0,2023-03-03
Embalse,PENOL,816848000.0,2023-03-04
Embalse,PENOL,815783000.0,2023-03-05
Embalse,PENOL,815612000.0,2023-03-06
Embalse,PENOL,814486000.0,2023-03-07
Embalse,PENOL,815726000.0,2023-03-08
Embalse,PENOL,816512000.0,2023-03-09
Embalse,PENOL,814040000.0,2023-03-10
Embalse,PENOL,814542000.0,2023-03-11
Embalse,PENOL,819266000.0,2023-03-12
Embalse,PENOL,824555000.0,2023-03-13
Embalse,PENOL,827268000.0,2023-03-14
Embalse,PENOL,829635000.0,2023-03-15
Embalse,PENOL,832408000.0,2023-03-16
Embalse,PENOL,832921000.0,2023-03-17
Embalse,PENOL,834906000.0,2023-03-18
Embalse,PENOL,836093000.0,2023-03-19
Embalse,PENOL,834792000.0,2023-03-20
Embalse,PENOL,831724000.0,2023-03-21
Embalse,PENOL,828837000.0,2023-03-22
Embalse,PENOL,828724000.0,2023-03-23
Embalse,PENOL,825344000.0,2023-03-24
Embalse,PENOL,824102000.0,2023-03-25
Embalse,PENOL,821065000.0,2023-03-26
Embalse,PENOL,818986000.0,2023-03-27
Embalse,PENOL,817408000.0,2023-03-28
Embalse,PENOL,817691000.0,2023-03-29
Embalse,PENOL,816680000.0,2023-03-30
Embalse,PENOL,814654000.0,2023-03-31
Embalse,PENOL,812592000.0,2023-04-01
Embalse,PENOL,815214000.0,2023-04-02
Embalse,PENOL,812312000.0,2023-04-03
Embalse,PENOL,810688000.0,2023-04-04
Embalse,PENOL,806834000.0,2023-04-05
Embalse,PENOL,803540000.0,2023-04-06
Embalse,PENOL,803316000.0,2023-04-07
Embalse,PENOL,801478000.0,2023-04-08
Embalse,PENOL,797870000.0,2023-04-09
Embalse,PENOL,794210000.0,2023-04-10
Embalse,PENOL,794100000.0,2023-04-11
Embalse,PENOL,793596000.0,2023-04-12
Embalse,PENOL,790174000.0,2023-04-13
Embalse,PENOL,789560000.0,2023-04-14
Embalse,PENOL,788680000.0,2023-04-15
Embalse,PENOL,790118000.0,2023-04-16
Embalse,PENOL,789615000.0,2023-04-17
Embalse,PENOL,791165000.0,2023-04-18
Embalse,PENOL,789505000.0,2023-04-19
Embalse,PENOL,789120000.0,2023-04-20
Embalse,PENOL,788458000.0,2023-04-21
Embalse,PENOL,788735000.0,2023-04-22
Embalse,PENOL,787460000.0,2023-04-23
Embalse,PENOL,786910000.0,2023-04-24
Embalse,PENOL,785645000.0,2023-04-25
Embalse,PENOL,783215000.0,2023-04-26
Embalse,PENOL,783545000.0,2023-04-27
Embalse,PENOL,788122000.0,2023-04-28
Embalse,PENOL,786635000.0,2023-04-29
Embalse,PENOL,792550000.0,2023-04-30
Embalse,PENOL,795870000.0,2023-05-01
Embalse,PENOL,798092000.0,2023-05-02
Embalse,PENOL,796814000.0,2023-05-03
Embalse,PENOL,796926000.0,2023-05-04
Embalse,PENOL,793764000.0,2023-05-05
Embalse,PENOL,793596000.0,2023-05-06
Embalse,PENOL,795704000.0,2023-05-07
Embalse,PENOL,797262000.0,2023-05-08
Embalse,PENOL,795648000.0,2023-05-09
Embalse,PENOL,794210000.0,2023-05-10
Embalse,PENOL,790395000.0,2023-05-11
Embalse,PENOL,792048000.0,2023-05-12
Embalse,PENOL,794595000.0,2023-05-13
Embalse,PENOL,795424000.0,2023-05-14
Embalse,PENOL,794595000.0,2023-05-15
Embalse,PENOL,793708000.0,2023-05-16
Embalse,PENOL,796982000.0,2023-05-17
Embalse,PENOL,793596000.0,2023-05-18
Embalse,PENOL,795704000.0,2023-05-19
Embalse,PENOL,796702000.0,2023-05-20
Embalse,PENOL,795980000.0,2023-05-21
Embalse,PENOL,801534000.0,2023-05-22
Embalse,PENOL,810632000.0,2023-05-23
Embalse,PENOL,818202000.0,2023-05-24
Embalse,PENOL,827324000.0,2023-05-25
Embalse,PENOL,835300000.0,2023-05-26
Embalse,PENOL,842457000.0,2023-05-27
Embalse,PENOL,852623000.0,2023-05-28
Embalse,PENOL,863999000.0,2023-05-29
Embalse,PENOL,873826000.0,2023-05-30
Embalse,PENOL,882553000.0,2023-05-31
Embalse,PENOL,891374000.0,2023-06-01
Embalse,PENOL,896121000.0,2023-06-02
Embalse,PENOL,899946000.0,2023-06-03
Embalse,PENOL,903771000.0,2023-06-04
Embalse,PENOL,907554000.0,2023-06-05
Embalse,PENOL,913410000.0,2023-06-06
Embalse,PENOL,917381000.0,2023-06-07
Embalse,PENOL,922318000.0,2023-06-08
Embalse,PENOL,926498000.0,2023-06-09
Embalse,PENOL,932110000.0,2023-06-10
Embalse,PENOL,940940000.0,2023-06-11
Embalse,PENOL,944680000.0,2023-06-12
Embalse,PENOL,947880000.0,2023-06-13
Embalse,PENOL,950125000.0,2023-06-14
Embalse,PENOL,949098000.0,2023-06-15
Embalse,PENOL,947700000.0,2023-06-16
Embalse,PENOL,946370000.0,2023-06-17
Embalse,PENOL,945520000.0,2023-06-18
Embalse,PENOL,943110000.0,2023-06-19
Embalse,PENOL,941060000.0,2023-06-20
Embalse,PENOL,936490000.0,2023-06-21
Embalse,PENOL,931810000.0,2023-06-22
Embalse,PENOL,933550000.0,2023-06-23
Embalse,PENOL,934330000.0,2023-06-24
Embalse,PENOL,934570000.0,2023-06-25
Embalse,PENOL,939370000.0,2023-06-26
Embalse,PENOL,941360000.0,2023-06-27
Embalse,PENOL,942390000.0,2023-06-28
Embalse,PENOL,941604000.0,2023-06-29
Embalse,PENOL,940520000.0,2023-06-30
Embalse,PENOL,939190000.0,2023-07-01
Embalse,PENOL,939370000.0,2023-07-02
Embalse,PENOL,941060000.0,2023-07-03
Embalse,PENOL,941970000.0,2023-07-04
Embalse,PENOL,946851000.0,2023-07-05
Embalse,PENOL,951945000.0,2023-07-06
Embalse,PENOL,958503000.0,2023-07-07
Embalse,PENOL,965823000.0,2023-07-08
Embalse,PENOL,971526000.0,2023-07-09
Embalse,PENOL,974292000.0,2023-07-10
Embalse,PENOL,977062000.0,2023-07-11
Embalse,PENOL,973558000.0,2023-07-12
Embalse,PENOL,972817000.0,2023-07-13
Embalse,PENOL,969868000.0,2023-07-14
Embalse,PENOL,965213000.0,2023-07-15
Embalse,PENOL,963748000.0,2023-07-16
Embalse,PENOL,965030000.0,2023-07-17
Embalse,PENOL,967724000.0,2023-07-18
Embalse,PENOL,969991000.0,2023-07-19
Embalse,PENOL,971894000.0,2023-07-20
Embalse,PENOL,973742000.0,2023-07-21
Embalse,PENOL,975584000.0,2023-07-22
Embalse,PENOL,977558000.0,2023-07-23
Embalse,PENOL,979538000.0,2023-07-24
Embalse,PENOL,974664000.0,2023-07-25
Embalse,PENOL,971894000.0,2023-07-26
Embalse,PENOL,967663000.0,2023-07-27
Embalse,PENOL,972634000.0,2023-07-28
Embalse,PENOL,975033000.0,2023-07-29
Embalse,PENOL,977186000.0,2023-07-30
Embalse,PENOL,972080000.0,2023-07-31
Embalse,PENOL,968090000.0,2023-08-01
Embalse,PENOL,963500000.0,2023-08-02
Embalse,PENOL,959720000.0,2023-08-03
Embalse,PENOL,955340000.0,2023-08-04
Embalse,PENOL,950790000.0,2023-08-05
Embalse,PENOL,952006000.0,2023-08-06
Embalse,PENOL,948366000.0,2023-08-07
Embalse,PENOL,945702000.0,2023-08-08
Embalse,PENOL,944080000.0,2023-08-09
Embalse,PENOL,943960000.0,2023-08-10
Embalse,PENOL,944560000.0,2023-08-11
Embalse,PENOL,942990000.0,2023-08-12
Embalse,PENOL,941120000.0,2023-08-13
Embalse,PENOL,940940000.0,2023-08-14
Embalse,PENOL,941421000.0,2023-08-15
Embalse,PENOL,938770000.0,2023-08-16
Embalse,PENOL,937810000.0,2023-08-17
Embalse,PENOL,938890000.0,2023-08-18
Embalse,PENOL,934872000.0,2023-08-19
Embalse,PENOL,933490000.0,2023-08-20
Embalse,PENOL,931390000.0,2023-08-21
Embalse,PENOL,931810000.0,2023-08-22
Embalse,PENOL,936070000.0,2023-08-23
Embalse,PENOL,940038000.0,2023-08-24
Embalse,PENOL,943719000.0,2023-08-25
Embalse,PENOL,946068000.0,2023-08-26
Embalse,PENOL,948061000.0,2023-08-27
Embalse,PENOL,943292000.0,2023-08-28
Embalse,PENOL,943960000.0,2023-08-29
Embalse,PENOL,938830000.0,2023-08-30
Embalse,PENOL,933550000.0,2023-08-31
Embalse,PENOL,928590000.0,2023-09-01
Embalse,PENOL,924108000.0,2023-09-02
Embalse,PENOL,921550000.0,2023-09-03
Embalse,PENOL,920774000.0,2023-09-04
Embalse,PENOL,922790000.0,2023-09-05
Embalse,PENOL,924403000.0,2023-09-06
Embalse,PENOL,924700000.0,2023-09-07
Embalse,PENOL,920597000.0,2023-09-08
Embalse,PENOL,915896000.0,2023-09-09
Embalse,PENOL,913290000.0,2023-09-10
Embalse,PENOL,914893000.0,2023-09-11
Embalse,PENOL,916850000.0,2023-09-12
Embalse,PENOL,919161000.0,2023-09-13
Embalse,PENOL,923450000.0,2023-09-14
Embalse,PENOL,925420000.0,2023-09-15
Embalse,PENOL,927450000.0,2023-09-16
Embalse,PENOL,927750000.0,2023-09-17
Embalse,PENOL,925180000.0,2023-09-18
Embalse,PENOL,923210000.0,2023-09-19
Embalse,PENOL,920538000.0,2023-09-20
Embalse,PENOL,918571000.0,2023-09-21
Embalse,PENOL,915955000.0,2023-09-22
Embalse,PENOL,914303000.0,2023-09-23
Embalse,PENOL,912523000.0,2023-09-24
Embalse,PENOL,913650000.0,2023-09-25
Embalse,PENOL,916014000.0,2023-09-26
Embalse,PENOL,917204000.0,2023-09-27
Embalse,PENOL,918394000.0,2023-09-28
Embalse,PENOL,915070000.0,2023-09-29
Embalse,PENOL,918040000.0,2023-09-30
Embalse,PENOL,923510000.0,2023-10-01
Embalse,PENOL,920715000.0,2023-10-02
Embalse,PENOL,917740000.0,2023-10-03
Embalse,PENOL,915129000.0,2023-10-04
Embalse,PENOL,913054000.0,2023-10-05
Embalse,PENOL,910153000.0,2023-10-06
Embalse,PENOL,908670000.0,2023-10-07
Embalse,PENOL,908373000.0,2023-10-08
Embalse,PENOL,904184000.0,2023-10-09
Embalse,PENOL,901352000.0,2023-10-10
Embalse,PENOL,896947000.0,2023-10-11
Embalse,PENOL,893018000.0,2023-10-12
Embalse,PENOL,888619000.0,2023-10-13
Embalse,PENOL,887046000.0,2023-10-14
Embalse,PENOL,885466000.0,2023-10-15
Embalse,PENOL,881908000.0,2023-10-16
Embalse,PENOL,878244000.0,2023-10-17
Embalse,PENOL,874059000.0,2023-10-18
Embalse,PENOL,869950000.0,2023-10-19
Embalse,PENOL,866364000.0,2023-10-20
Embalse,PENOL,863315000.0,2023-10-21
Embalse,PENOL,862218000.0,2023-10-22
Embalse,PENOL,862276000.0,2023-10-23
Embalse,PENOL,861522000.0,2023-10-24
Embalse,PENOL,858705000.0,2023-10-25
Embalse,PENOL,859684000.0,2023-10-26
Embalse,PENOL,858362000.0,2023-10-27
Embalse,PENOL,855607000.0,2023-10-28
Embalse,PENOL,856918000.0,2023-10-29
Embalse,PENOL,860372000.0,2023-10-30
Embalse,PENOL,862914000.0,2023-10-31
Embalse,PENOL,871796000.0,2023-11-01
Embalse,PENOL,882082000.0,2023-11-02
Embalse,PENOL,888560000.0,2023-11-03
Embalse,PENOL,893424000.0,2023-11-04
Embalse,PENOL,896298000.0,2023-11-05
Embalse,PENOL,898186000.0,2023-11-06
Embalse,PENOL,899710000.0,2023-11-07
Embalse,PENOL,900764000.0,2023-11-08
Embalse,PENOL,900064000.0,2023-11-09
Embalse,PENOL,898363000.0,2023-11-10
Embalse,PENOL,896534000.0,2023-11-11
Embalse,PENOL,896475000.0,2023-11-12
Embalse,PENOL,896829000.0,2023-11-13
Embalse,PENOL,897419000.0,2023-11-14
Embalse,PENOL,898186000.0,2023-11-15
Embalse,PENOL,897655000.0,2023-11-16
Embalse,PENOL,896888000.0,2023-11-17
Embalse,PENOL,899710000.0,2023-11-18
Embalse,PENOL,902709000.0,2023-11-19
Embalse,PENOL,904538000.0,2023-11-20
Embalse,PENOL,902650000.0,2023-11-21
Embalse,PENOL,900532000.0,2023-11-22
Embalse,PENOL,897714000.0,2023-11-23
Embalse,PENOL,897419000.0,2023-11-24
Embalse,PENOL,897714000.0,2023-11-25
Embalse,PENOL,897478000.0,2023-11-26
Embalse,PENOL,894243000.0,2023-11-27
Embalse,PENOL,891374000.0,2023-11-28
Embalse,PENOL,888855000.0,2023-11-29
Embalse,PENOL,888328000.0,2023-11-30
Embalse,PENOL,885756000.0,2023-12-01
Embalse,PENOL,882024000.0,2023-12-02
Embalse,PENOL,880100000.0,2023-12-03
Embalse,PENOL,877606000.0,2023-12-04
Embalse,PENOL,875054000.0,2023-12-05
Embalse,PENOL,874059000.0,2023-12-06
Embalse,PENOL,872028000.0,2023-12-07
Embalse,PENOL,870182000.0,2023-12-08
Embalse,PENOL,867524000.0,2023-12-09
Embalse,PENOL,864056000.0,2023-12-10
Embalse,PENOL,861812000.0,2023-12-11
Embalse,PENOL,859969000.0,2023-12-12
Embalse,PENOL,858591000.0,2023-12-13
Embalse,PENOL,856405000.0,2023-12-14
Embalse,PENOL,853936000.0,2023-12-15
Embalse,PENOL,854284000.0,2023-12-16
Embalse,PENOL,853421000.0,2023-12-17
Embalse,PENOL,852053000.0,2023-12-18
Embalse,PENOL,849926000.0,2023-12-19
Embalse,PENOL,846846000.0,2023-12-20
Embalse,PENOL,846447000.0,2023-12-21
Embalse,PENOL,844395000.0,2023-12-22
Embalse,PENOL,840358000.0,2023-12-23
Embalse,PENOL,838249000.0,2023-12-24
Embalse,PENOL,836938000.0,2023-12-25
Embalse,PENOL,834678000.0,2023-12-26
Embalse,PENOL,831162000.0,2023-12-27
Embalse,PENOL,829635000.0,2023-12-28
Embalse,PENOL,829407000.0,2023-12-29
Embalse,PENOL,826758000.0,2023-12-30
Embalse,PENOL,825571000.0,2023-12-31
Embalse,PENOL,820452000.0,2024-01-01
Embalse,PENOL,815612000.0,2024-01-02
Embalse,PENOL,810408000.0,2024-01-03
Embalse,PENOL,806722000.0,2024-01-04
Embalse,PENOL,803260000.0,2024-01-05
Embalse,PENOL,797815000.0,2024-01-06
Embalse,PENOL,792715000.0,2024-01-07
Embalse,PENOL,786910000.0,2024-01-08
Embalse,PENOL,781400000.0,2024-01-09
Embalse,PENOL,777890000.0,2024-01-10
Embalse,PENOL,773060000.0,2024-01-11
Embalse,PENOL,768260000.0,2024-01-12
Embalse,PENOL,762920000.0,2024-01-13
Embalse,PENOL,759496000.0,2024-01-14
Embalse,PENOL,754572000.0,2024-01-15
Embalse,PENOL,749928000.0,2024-01-16
Embalse,PENOL,745500000.0,2024-01-17
Embalse,PENOL,740299000.0,2024-01-18
Embalse,PENOL,734727000.0,2024-01-19
Embalse,PENOL,728812000.0,2024-01-20
Embalse,PENOL,723178000.0,2024-01-21
Embalse,PENOL,717833000.0,2024-01-22
Embalse,PENOL,712344000.0,2024-01-23
Embalse,PENOL,707240000.0,2024-01-24
Embalse,PENOL,701698000.0,2024-01-25
Embalse,PENOL,696164000.0,2024-01-26
Embalse,PENOL,690550000.0,2024-01-27
Embalse,PENOL,684704000.0,2024-01-28
Embalse,PENOL,678618000.0,2024-01-29
Embalse,PENOL,673785000.0,2024-01-30
Embalse,PENOL,668004000.0,2024-01-31
Embalse,PENOL,664493000.0,2024-02-01
Embalse,PENOL,660580000.0,2024-02-02
Embalse,PENOL,659260000.0,2024-02-03
Embalse,PENOL,656067000.0,2024-02-04
Embalse,PENOL,651170000.0,2024-02-05
Embalse,PENOL,646040000.0,2024-02-06
Embalse,PENOL,641530000.0,2024-02-07
Embalse,PENOL,638830000.0,2024-02-08
Embalse,PENOL,634250000.0,2024-02-09
Embalse,PENOL,631023000.0,2024-02-10
Embalse,PENOL,627014000.0,2024-02-11
Embalse,PENOL,621740000.0,2024-02-12
Embalse,PENOL,618487000.0,2024-02-13
Embalse,PENOL,612607000.0,2024-02-14
Embalse,PENOL,607830000.0,2024-02-15
Embalse,PENOL,603652000.0,2024-02-16
Embalse,PENOL,598812000.0,2024-02-17
Embalse,PENOL,592840000.0,2024-02-18
Embalse,PENOL,587330000.0,2024-02-19
Embalse,PENOL,580948000.0,2024-02-20
Embalse,PENOL,575168000.0,2024-02-21
Embalse,PENOL,569518000.0,2024-02-22
Embalse,PENOL,564217000.0,2024-02-23
Embalse,PENOL,558386000.0,2024-02-24
Embalse,PENOL,552352000.0,2024-02-25
Embalse,PENOL,545978000.0,2024-02-26
Embalse,PENOL,539975000.0,2024-02-27
Embalse,PENOL,533135000.0,2024-02-28
Embalse,PENOL,528055000.0,2024-02-29
Embalse,PENOL,522320000.0,2024-03-01
Embalse,PENOL,517162000.0,2024-03-02
Embalse,PENOL,511802000.0,2024-03-03
Embalse,PENOL,506120000.0,2024-03-04
Embalse,PENOL,499855000.0,2024-03-05
Embalse,PENOL,494372000.0,2024-03-06
Embalse,PENOL,488704000.0,2024-03-07
Embalse,PENOL,483976000.0,2024-03-08
Embalse,PENOL,479604000.0,2024-03-09
Embalse,PENOL,474194000.0,2024-03-10
Embalse,PENOL,472736000.0,2024-03-11
Embalse,PENOL,467194000.0,2024-03-12
Embalse,PENOL,461598000.0,2024-03-13
Embalse,PENOL,456878000.0,2024-03-14
Embalse,PENOL,451638000.0,2024-03-15
Embalse,PENOL,446050000.0,2024-03-16
Embalse,PENOL,441616000.0,2024-03-17
Embalse,PENOL,436053000.0,2024-03-18
Embalse,PENOL,431174000.0,2024-03-19
Embalse,PENOL,425350000.0,2024-03-20
Embalse,PENOL,419794000.0,2024-03-21
Embalse,PENOL,413680000.0,2024-03-22
Embalse,PENOL,407240000.0,2024-03-23
Embalse,PENOL,401060000.0,2024-03-24
Embalse,PENOL,395233000.0,2024-03-25
Embalse,PENOL,389217000.0,2024-03-26
Embalse,PENOL,384333000.0,2024-03-27
Embalse,PENOL,379574000.0,2024-03-28
Embalse,PENOL,374424000.0,2024-03-29
Embalse,PENOL,368526000.0,2024-03-30
Embalse,PENOL,364396000.0,2024-03-31
Embalse,PENOL,367776000.0,2024-04-01
Embalse,PENOL,370302000.0,2024-04-02
Embalse,PENOL,368754000.0,2024-04-03
Embalse,PENOL,372904000.0,2024-04-04
Embalse,PENOL,376371000.0,2024-04-05
Embalse,PENOL,379226000.0,2024-04-06
Embalse,PENOL,380990000.0,2024-04-07
Embalse,PENOL,381988000.0,2024-04-08
Embalse,PENOL,378728000.0,2024-04-09
Embalse,PENOL,373018000.0,2024-04-10
Embalse,PENOL,367330000.0,2024-04-11
Embalse,PENOL,361589000.0,2024-04-12
Embalse,PENOL,362376000.0,2024-04-13
Embalse,PENOL,363684000.0,2024-04-14
Embalse,PENOL,357600000.0,2024-04-15
Embalse,PENOL,351771000.0,2024-04-16
Embalse,PENOL,346379000.0,2024-04-17
Embalse,PENOL,341683000.0,2024-04-18
Embalse,PENOL,337441000.0,2024-04-19
Embalse,PENOL,334276000.0,2024-04-20
Embalse,PENOL,335222000.0,2024-04-21
Embalse,PENOL,339049000.0,2024-04-22
Embalse,PENOL,341091000.0,2024-04-23
Embalse,PENOL,342964000.0,2024-04-24
Embalse,PENOL,345168000.0,2024-04-25
Embalse,PENOL,348081000.0,2024-04-26
Embalse,PENOL,350846000.0,2024-04-27
Embalse,PENOL,354361000.0,2024-04-28
Embalse,PENOL,351290000.0,2024-04-29
Embalse,PENOL,346638000.0,2024-04-30
Embalse,PENOL,346823000.0,2024-05-01
Embalse,PENOL,343291000.0,2024-05-02
Embalse,PENOL,342154000.0,2024-05-03
Embalse,PENOL,348155000.0,2024-05-04
Embalse,PENOL,346712000.0,2024-05-05
Embalse,PENOL,342524000.0,2024-05-06
Embalse,PENOL,341313000.0,2024-05-07
Embalse,PENOL,343291000.0,2024-05-08
Embalse,PENOL,348737000.0,2024-05-09
Embalse,PENOL,353103000.0,2024-05-10
Embalse,PENOL,355111000.0,2024-05-11
Embalse,PENOL,362941000.0,2024-05-12
Embalse,PENOL,366874000.0,2024-05-13
Embalse,PENOL,369732000.0,2024-05-14
Embalse,PENOL,375070000.0,2024-05-15
Embalse,PENOL,381912000.0,2024-05-16
Embalse,PENOL,385532000.0,2024-05-17
Embalse,PENOL,387004000.0,2024-05-18
Embalse,PENOL,389529000.0,2024-05-19
Embalse,PENOL,387160000.0,2024-05-20
Embalse,PENOL,386152000.0,2024-05-21
Embalse,PENOL,384878000.0,2024-05-22
Embalse,PENOL,384567000.0,2024-05-23
Embalse,PENOL,387657000.0,2024-05-24
Embalse,PENOL,387735000.0,2024-05-25
Embalse,PENOL,387160000.0,2024-05-26
Embalse,PENOL,386575000.0,2024-05-27
Embalse,PENOL,388554000.0,2024-05-28
Embalse,PENOL,387891000.0,2024-05-29
Embalse,PENOL,385454000.0,2024-05-30
Embalse,PENOL,390075000.0,2024-05-31
Embalse,PENOL,392561000.0,2024-06-01
Embalse,PENOL,395389000.0,2024-06-02
Embalse,PENOL,400700000.0,2024-06-03
Embalse,PENOL,404020000.0,2024-06-04
Embalse,PENOL,405259000.0,2024-06-05
Embalse,PENOL,401299000.0,2024-06-06
Embalse,PENOL,397427000.0,2024-06-07
Embalse,PENOL,392960000.0,2024-06-08
Embalse,PENOL,393780000.0,2024-06-09
Embalse,PENOL,393351000.0,2024-06-10
Embalse,PENOL,398412000.0,2024-06-11
Embalse,PENOL,399560000.0,2024-06-12
Embalse,PENOL,402480000.0,2024-06-13
Embalse,PENOL,404580000.0,2024-06-14
Embalse,PENOL,416010000.0,2024-06-15
Embalse,PENOL,420850000.0,2024-06-16
Embalse,PENOL,422380000.0,2024-06-17
Embalse,PENOL,427299000.0,2024-06-18
Embalse,PENOL,434321000.0,2024-06-19
Embalse,PENOL,441616000.0,2024-06-20
Embalse,PENOL,447500000.0,2024-06-21
Embalse,PENOL,458474000.0,2024-06-22
Embalse,PENOL,468421000.0,2024-06-23
Embalse,PENOL,473852000.0,2024-06-24
Embalse,PENOL,481334000.0,2024-06-25
Embalse,PENOL,486620000.0,2024-06-26
Embalse,PENOL,495244000.0,2024-06-27
Embalse,PENOL,500600000.0,2024-06-28
Embalse,PENOL,503778000.0,2024-06-29
Embalse,PENOL,507934000.0,2024-06-30
Embalse,PENOL,510870000.0,2024-07-01
Embalse,PENOL,518820000.0,2024-07-02
Embalse,PENOL,521915000.0,2024-07-03
Embalse,PENOL,523805000.0,2024-07-04
Embalse,PENOL,525795000.0,2024-07-05
Embalse,PENOL,526875000.0,2024-07-06
Embalse,PENOL,525975000.0,2024-07-07
Embalse,PENOL,522950000.0,2024-07-08
Embalse,PENOL,520475000.0,2024-07-09
Embalse,PENOL,519490000.0,2024-07-10
Embalse,PENOL,519180000.0,2024-07-11
Embalse,PENOL,522950000.0,2024-07-12
Embalse,PENOL,521150000.0,2024-07-13
Embalse,PENOL,517605000.0,2024-07-14
Embalse,PENOL,514835000.0,2024-07-15
Embalse,PENOL,510870000.0,2024-07-16
Embalse,PENOL,507050000.0,2024-07-17
Embalse,PENOL,505240000.0,2024-07-18
Embalse,PENOL,501920000.0,2024-07-19
Embalse,PENOL,498410000.0,2024-07-20
Embalse,PENOL,495115000.0,2024-07-21
Embalse,PENOL,491224000.0,2024-07-22
Embalse,PENOL,487182000.0,2024-07-23
Embalse,PENOL,482978000.0,2024-07-24
Embalse,PENOL,481033000.0,2024-07-25
Embalse,PENOL,480384000.0,2024-07-26
Embalse,PENOL,481248000.0,2024-07-27
Embalse,PENOL,480516000.0,2024-07-28
Embalse,PENOL,479260000.0,2024-07-29
Embalse,PENOL,477411000.0,2024-07-30
Embalse,PENOL,475734000.0,2024-07-31
Embalse,PENOL,473938000.0,2024-08-01
Embalse,PENOL,472526000.0,2024-08-02
Embalse,PENOL,471927000.0,2024-08-03
Embalse,PENOL,474446000.0,2024-08-04
Embalse,PENOL,477798000.0,2024-08-05
Embalse,PENOL,479303000.0,2024-08-06
Embalse,PENOL,479131000.0,2024-08-07
Embalse,PENOL,476207000.0,2024-08-08
Embalse,PENOL,476938000.0,2024-08-09
Embalse,PENOL,474874000.0,2024-08-10
Embalse,PENOL,471497000.0,2024-08-11
Embalse,PENOL,473465000.0,2024-08-12
Embalse,PENOL,474573000.0,2024-08-13
Embalse,PENOL,475089000.0,2024-08-14
Embalse,PENOL,475433000.0,2024-08-15
Embalse,PENOL,475992000.0,2024-08-16
Embalse,PENOL,474362000.0,2024-08-17
Embalse,PENOL,473895000.0,2024-08-18
Embalse,PENOL,475992000.0,2024-08-19
Embalse,PENOL,473035000.0,2024-08-20
Embalse,PENOL,473207000.0,2024-08-21
Embalse,PENOL,472314000.0,2024-08-22
Embalse,PENOL,476852000.0,2024-08-23
Embalse,PENOL,479002000.0,2024-08-24
Embalse,PENOL,479776000.0,2024-08-25
Embalse,PENOL,477755000.0,2024-08-26
Embalse,PENOL,476637000.0,2024-08-27
Embalse,PENOL,474236000.0,2024-08-28
Embalse,PENOL,477153000.0,2024-08-29
Embalse,PENOL,475089000.0,2024-08-30
Embalse,PENOL,473981000.0,2024-08-31
Embalse,PENOL,477755000.0,2024-09-01
Embalse,PENOL,480472000.0,2024-09-02
Embalse,PENOL,480861000.0,2024-09-03
Embalse,PENOL,484751000.0,2024-09-04
Embalse,PENOL,489186000.0,2024-09-05
Embalse,PENOL,486137000.0,2024-09-06
Embalse,PENOL,487270000.0,2024-09-07
Embalse,PENOL,488575000.0,2024-09-08
Embalse,PENOL,487314000.0,2024-09-09
Embalse,PENOL,484923000.0,2024-09-10
Embalse,PENOL,481334000.0,2024-09-11
Embalse,PENOL,481764000.0,2024-09-12
Embalse,PENOL,487007000.0,2024-09-13
Embalse,PENOL,489230000.0,2024-09-14
Embalse,PENOL,492016000.0,2024-09-15
Embalse,PENOL,491180000.0,2024-09-16
Embalse,PENOL,490573000.0,2024-09-17
Embalse,PENOL,489010000.0,2024-09-18
Embalse,PENOL,488184000.0,2024-09-19
Embalse,PENOL,484751000.0,2024-09-20
Embalse,PENOL,485052000.0,2024-09-21
Embalse,PENOL,484622000.0,2024-09-22
Embalse,PENOL,485267000.0,2024-09-23
Embalse,PENOL,483844000.0,2024-09-24
Embalse,PENOL,484837000.0,2024-09-25
Embalse,PENOL,486180000.0,2024-09-26
Embalse,PENOL,486268000.0,2024-09-27
Embalse,PENOL,489142000.0,2024-09-28
Embalse,PENOL,491532000.0,2024-09-29
Embalse,PENOL,493891000.0,2024-09-30
Embalse,PENOL,499462000.0,2024-10-01
Embalse,PENOL,505328000.0,2024-10-02
Embalse,PENOL,506296000.0,2024-10-03
Embalse,PENOL,508736000.0,2024-10-04
Embalse,PENOL,513988000.0,2024-10-05
Embalse,PENOL,518010000.0,2024-10-06
Embalse,PENOL,522410000.0,2024-10-07
Embalse,PENOL,526425000.0,2024-10-08
Embalse,PENOL,531496000.0,2024-10-09
Embalse,PENOL,536368000.0,2024-10-10
Embalse,PENOL,538878000.0,2024-10-11
Embalse,PENOL,543918000.0,2024-10-12
Embalse,PENOL,546816000.0,2024-10-13
Embalse,PENOL,547460000.0,2024-10-14
Embalse,PENOL,549070000.0,2024-10-15
Embalse,PENOL,551472000.0,2024-10-16
Embalse,PENOL,554298000.0,2024-10-17
Embalse,PENOL,557499000.0,2024-10-18
Embalse,PENOL,560762000.0,2024-10-19
Embalse,PENOL,565862000.0,2024-10-20
Embalse,PENOL,570082000.0,2024-10-21
Embalse,PENOL,575121000.0,2024-10-22
Embalse,PENOL,579240000.0,2024-10-23
Embalse,PENOL,584662000.0,2024-10-24
Embalse,PENOL,588337000.0,2024-10-25
Embalse,PENOL,592648000.0,2024-10-26
Embalse,PENOL,596066000.0,2024-10-27
Embalse,PENOL,598380000.0,2024-10-28
Embalse,PENOL,600839000.0,2024-10-29
Embalse,PENOL,603364000.0,2024-10-30
Embalse,PENOL,605983000.0,2024-10-31
Embalse,PENOL,606659000.0,2024-11-01
Embalse,PENOL,604915000.0,2024-11-02
Embalse,PENOL,605400000.0,2024-11-03
Embalse,PENOL,610414000.0,2024-11-04
Embalse,PENOL,614371000.0,2024-11-05
Embalse,PENOL,617164000.0,2024-11-06
Embalse,PENOL,620996000.0,2024-11-07
Embalse,PENOL,624985000.0,2024-11-08
Embalse,PENOL,631866000.0,2024-11-09
Embalse,PENOL,638980000.0,2024-11-10
Embalse,PENOL,644589000.0,2024-11-11
Embalse,PENOL,652690000.0,2024-11-12
Embalse,PENOL,661188000.0,2024-11-13
Embalse,PENOL,667952000.0,2024-11-14
Embalse,PENOL,674196000.0,2024-11-15
Embalse,PENOL,678566000.0,2024-11-16
Embalse,PENOL,682841000.0,2024-11-17
Embalse,PENOL,686094000.0,2024-11-18
Embalse,PENOL,691590000.0,2024-11-19
Embalse,PENOL,693764000.0,2024-11-20
Embalse,PENOL,700908000.0,2024-11-21
Embalse,PENOL,705566000.0,2024-11-22
Embalse,PENOL,711346000.0,2024-11-23
Embalse,PENOL,715405000.0,2024-11-24
Embalse,PENOL,717780000.0,2024-11-25
Embalse,PENOL,722434000.0,2024-11-26
Embalse,PENOL,727482000.0,2024-11-27
Embalse,PENOL,731050000.0,2024-11-28
Embalse,PENOL,734621000.0,2024-11-29
Embalse,PENOL,737248000.0,2024-11-30
Embalse,PENOL,740564000.0,2024-12-01
Embalse,PENOL,745076000.0,2024-12-02
Embalse,PENOL,747336000.0,2024-12-03
Embalse,PENOL,749280000.0,2024-12-04
Embalse,PENOL,750900000.0,2024-12-05
Embalse,PENOL,753380000.0,2024-12-06
Embalse,PENOL,754356000.0,2024-12-07
Embalse,PENOL,756192000.0,2024-12-08
Embalse,PENOL,758315000.0,2024-12-09
Embalse,PENOL,760045000.0,2024-12-10
Embalse,PENOL,762378000.0,2024-12-11
Embalse,PENOL,763522000.0,2024-12-12
Embalse,PENOL,764612000.0,2024-12-13
Embalse,PENOL,766510000.0,2024-12-14
Embalse,PENOL,769460000.0,2024-12-15
Embalse,PENOL,771155000.0,2024-12-16
Embalse,PENOL,772566000.0,2024-12-17
Embalse,PENOL,773940000.0,2024-12-18
Embalse,PENOL,776075000.0,2024-12-19
Embalse,PENOL,778275000.0,2024-12-20
Embalse,PENOL,780135000.0,2024-12-21
Embalse,PENOL,783325000.0,2024-12-22
Embalse,PENOL,788010000.0,2024-12-23
Embalse,PENOL,791275000.0,2024-12-24
Embalse,PENOL,794265000.0,2024-12-25
Embalse,PENOL,798260000.0,2024-12-26
Embalse,PENOL,802374000.0,2024-12-27
Embalse,PENOL,805100000.0,2024-12-28
Embalse,PENOL,808504000.0,2024-12-29
Embalse,PENOL,810744000.0,2024-12-30
Embalse,PENOL,812816000.0,2024-12-31
Embalse,PENOL,814542000.0,2025-01-01
Embalse,PENOL,810576000.0,2025-01-02
Embalse,PENOL,806834000.0,2025-01-03
Embalse,PENOL,806218000.0,2025-01-04
Embalse,PENOL,811584000.0,2025-01-05
Embalse,PENOL,814430000.0,2025-01-06
Embalse,PENOL,818202000.0,2025-01-07
Embalse,PENOL,820788000.0,2025-01-08
Embalse,PENOL,823084000.0,2025-01-09
Embalse,PENOL,819546000.0,2025-01-10
Embalse,PENOL,821963000.0,2025-01-11
Embalse,PENOL,823878000.0,2025-01-12
Embalse,PENOL,818482000.0,2025-01-13
Embalse,PENOL,814990000.0,2025-01-14
Embalse,PENOL,816064000.0,2025-01-15
Embalse,PENOL,810520000.0,2025-01-16
Embalse,PENOL,804990000.0,2025-01-17
Embalse,PENOL,802150000.0,2025-01-18
Embalse,PENOL,797650000.0,2025-01-19
Embalse,PENOL,792216000.0,2025-01-20
Embalse,PENOL,787075000.0,2025-01-21
Embalse,PENOL,781400000.0,2025-01-22
Embalse,PENOL,776845000.0,2025-01-23
Embalse,PENOL,771155000.0,2025-01-24
Embalse,PENOL,767985000.0,2025-01-25
Embalse,PENOL,764120000.0,2025-01-26
Embalse,PENOL,761510000.0,2025-01-27
Embalse,PENOL,757120000.0,2025-01-28
Embalse,PENOL,754788000.0,2025-01-29
Embalse,PENOL,755976000.0,2025-01-30
Embalse,PENOL,752192000.0,2025-01-31
Embalse,PENOL,748416000.0,2025-02-01
Embalse,PENOL,743090000.0,2025-02-02
Embalse,PENOL,738371000.0,2025-02-03
Embalse,PENOL,736390000.0,2025-02-04
Embalse,PENOL,734409000.0,2025-02-05
Embalse,PENOL,730838000.0,2025-02-06
Embalse,PENOL,728172000.0,2025-02-07
Embalse,PENOL,730466000.0,2025-02-08
Embalse,PENOL,738530000.0,2025-02-09
Embalse,PENOL,740886000.0,2025-02-10
Embalse,PENOL,737142000.0,2025-02-11
Embalse,PENOL,732542000.0,2025-02-12
Embalse,PENOL,729450000.0,2025-02-13
Embalse,PENOL,725942000.0,2025-02-14
Embalse,PENOL,722858000.0,2025-02-15
Embalse,PENOL,721003000.0,2025-02-16
Embalse,PENOL,721215000.0,2025-02-17
Embalse,PENOL,720367000.0,2025-02-18
Embalse,PENOL,722752000.0,2025-02-19
Embalse,PENOL,721904000.0,2025-02-20
Embalse,PENOL,721321000.0,2025-02-21
Embalse,PENOL,722593000.0,2025-02-22
Embalse,PENOL,720367000.0,2025-02-23
Embalse,PENOL,716200000.0,2025-02-24
Embalse,PENOL,718098000.0,2025-02-25
Embalse,PENOL,716460000.0,2025-02-26
Embalse,PENOL,716512000.0,2025-02-27
Embalse,PENOL,713348000.0,2025-02-28
Embalse,PENOL,711500000.0,2025-03-01
Embalse,PENOL,707660000.0,2025-03-02
Embalse,PENOL,703160000.0,2025-03-03
Embalse,PENOL,701700000.0,2025-03-04
Embalse,PENOL,701330000.0,2025-03-05
Embalse,PENOL,700390000.0,2025-03-06
Embalse,PENOL,699810000.0,2025-03-07
Embalse,PENOL,693820000.0,2025-03-08
Embalse,PENOL,692520000.0,2025-03-09
Embalse,PENOL,688940000.0,2025-03-10
Embalse,PENOL,688890000.0,2025-03-11
Embalse,PENOL,684860000.0,2025-03-12
Embalse,PENOL,680820000.0,2025-03-13
Embalse,PENOL,676920000.0,2025-03-14
Embalse,PENOL,674090000.0,2025-03-15
Embalse,PENOL,674510000.0,2025-03-16
Embalse,PENOL,674350000.0,2025-03-17
Embalse,PENOL,670310000.0,2025-03-18
Embalse,PENOL,666280000.0,2025-03-19
Embalse,PENOL,664900000.0,2025-03-20
Embalse,PENOL,663120000.0,2025-03-21
Embalse,PENOL,659670000.0,2025-03-22
Embalse,PENOL,655360000.0,2025-03-23
Embalse,PENOL,650420000.0,2025-03-24
Embalse,PENOL,645690000.0,2025-03-25
Embalse,PENOL,643980000.0,2025-03-26
Embalse,PENOL,643330000.0,2025-03-27
Embalse,PENOL,639930000.0,2025-03-28
Embalse,PENOL,636390000.0,2025-03-29
Embalse,PENOL,636090000.0,2025-03-30
Embalse,PENOL,636040000.0,2025-03-31
Embalse,PENOL,636790000.0,2025-04-01
Embalse,PENOL,638340000.0,2025-04-02
Embalse,PENOL,637730000.0,2025-04-03
Embalse,PENOL,635000000.0,2025-04-04
Embalse,PENOL,635000000.0,2025-04-05
Embalse,PENOL,636590000.0,2025-04-06
Embalse,PENOL,639430000.0,2025-04-07
Embalse,PENOL,643030000.0,2025-04-08
Embalse,PENOL,643580000.0,2025-04-09
Embalse,PENOL,652540000.0,2025-04-10
Embalse,PENOL,660330000.0,2025-04-11
Embalse,PENOL,674140000.0,2025-04-12
Embalse,PENOL,683660000.0,2025-04-13
Embalse,PENOL,689200000.0,2025-04-14
Embalse,PENOL,687440000.0,2025-04-15
Embalse,PENOL,685530000.0,2025-04-16
Embalse,PENOL,688160000.0,2025-04-17
Embalse,PENOL,690860000.0,2025-04-18
Embalse,PENOL,694700000.0,2025-04-19
Embalse,PENOL,694750000.0,2025-04-20
Embalse,PENOL,695740000.0,2025-04-21
Embalse,PENOL,694650000.0,2025-04-22
Embalse,PENOL,697310000.0,2025-04-23
Embalse,PENOL,703320000.0,2025-04-24
Embalse,PENOL,704520000.0,2025-04-25
Embalse,PENOL,711240000.0,2025-04-26
Embalse,PENOL,713240000.0,2025-04-27
Embalse,PENOL,718620000.0,2025-04-28
Embalse,PENOL,724670000.0,2025-04-29
Embalse,PENOL,732760000.0,2025-04-30
Embalse,PENOL,739440000.0,2025-05-01
Embalse,PENOL,744810000.0,2025-05-02
Embalse,PENOL,748690000.0,2025-05-03
Embalse,PENOL,751170000.0,2025-05-04
Embalse,PENOL,757660000.0,2025-05-05
Embalse,PENOL,764230000.0,2025-05-06
Embalse,PENOL,769570000.0,2025-05-07
Embalse,PENOL,775860000.0,2025-05-08
Embalse,PENOL,780630000.0,2025-05-09
Embalse,PENOL,787410000.0,2025-05-10
Embalse,PENOL,786860000.0,2025-05-11
Embalse,PENOL,788790000.0,2025-05-12
Embalse,PENOL,789180000.0,2025-05-13
Embalse,PENOL,793710000.0,2025-05-14
Embalse,PENOL,796700000.0,2025-05-15
Embalse,PENOL,800310000.0,2025-05-16
Embalse,PENOL,808000000.0,2025-05-17
Embalse,PENOL,813820000.0,2025-05-18
Embalse,PENOL,820280000.0,2025-05-19
Embalse,PENOL,830540000.0,2025-05-20
Embalse,PENOL,838650000.0,2025-05-21
Embalse,PENOL,843650000.0,2025-05-22
Embalse,PENOL,847250000.0,2025-05-23
Embalse,PENOL,849810000.0,2025-05-24
Embalse,PENOL,852000000.0,2025-05-25
Embalse,PENOL,853190000.0,2025-05-26
Embalse,PENOL,859740000.0,2025-05-27
Embalse,PENOL,860550000.0,2025-05-28
Embalse,PENOL,861180000.0,2025-05-29
Embalse,PENOL,862680000.0,2025-05-30
Embalse,PENOL,863770000.0,2025-05-31
Embalse,PENOL,866600000.0,2025-06-01
Embalse,PENOL,866480000.0,2025-06-02
Embalse,PENOL,866650000.0,2025-06-03
Embalse,PENOL,868850000.0,2025-06-04
Embalse,PENOL,869720000.0,2025-06-05
Embalse,PENOL,870930000.0,2025-06-06
Embalse,PENOL,873420000.0,2025-06-07
Embalse,PENOL,874710000.0,2025-06-08
Embalse,PENOL,876850000.0,2025-06-09
Embalse,PENOL,880740000.0,2025-06-10
Embalse,PENOL,884650000.0,2025-06-11
Embalse,PENOL,889730000.0,2025-06-12
Embalse,PENOL,897710000.0,2025-06-13
Embalse,PENOL,904720000.0,2025-06-14
Embalse,PENOL,911870000.0,2025-06-15
Embalse,PENOL,918220000.0,2025-06-16
Embalse,PENOL,931750000.0,2025-06-17
Embalse,PENOL,942810000.0,2025-06-18
Embalse,PENOL,944380000.0,2025-06-19
Embalse,PENOL,944500000.0,2025-06-20
Embalse,PENOL,948370000.0,2025-06-21
Embalse,PENOL,952490000.0,2025-06-22
Embalse,PENOL,960810000.0,2025-06-23
Embalse,PENOL,970540000.0,2025-06-24
Embalse,PENOL,976320000.0,2025-06-25
Embalse,PENOL,977310000.0,2025-06-26
Embalse,PENOL,985610000.0,2025-06-27
Embalse,PENOL,987530000.0,2025-06-28
Embalse,PENOL,989090000.0,2025-06-29
Embalse,PENOL,993260000.0,2025-06-30
Embalse,PENOL,992320000.0,2025-07-01
Embalse,PENOL,991700000.0,2025-07-02
Embalse,PENOL,989770000.0,2025-07-03
Embalse,PENOL,990020000.0,2025-07-04
Embalse,PENOL,990390000.0,2025-07-05
Embalse,PENOL,990080000.0,2025-07-06
Embalse,PENOL,988280000.0,2025-07-07
Embalse,PENOL,985610000.0,2025-07-08
Embalse,PENOL,983070000.0,2025-07-09
Embalse,PENOL,982760000.0,2025-07-10
Embalse,PENOL,982450000.0,2025-07-11
Embalse,PENOL,979350000.0,2025-07-12
Embalse,PENOL,976570000.0,2025-07-13
Embalse,PENOL,974350000.0,2025-07-14
Embalse,PENOL,971340000.0,2025-07-15
Embalse,PENOL,967660000.0,2025-07-16
Embalse,PENOL,964420000.0,2025-07-17
Embalse,PENOL,960320000.0,2025-07-18
Embalse,PENOL,959360000.0,2025-07-19
Embalse,PENOL,955700000.0,2025-07-20
Embalse,PENOL,951760000.0,2025-07-21
Embalse,PENOL,947820000.0,2025-07-22
Embalse,PENOL,944320000.0,2025-07-23
Embalse,PENOL,940640000.0,2025-07-24
Embalse,PENOL,936850000.0,2025-07-25
Embalse,PENOL,938590000.0,2025-07-26
Embalse,PENOL,938350000.0,2025-07-27
Embalse,PENOL,939070000.0,2025-07-28
Embalse,PENOL,940100000.0,2025-07-29
Embalse,PENOL,941480000.0,2025-07-30
Embalse,PENOL,940520000.0,2025-07-31
Embalse,PENOL,937570000.0,2025-08-01
Embalse,PENOL,934630000.0,2025-08-02
Embalse,PENOL,933730000.0,2025-08-03
Embalse,PENOL,931330000.0,2025-08-04
Embalse,PENOL,929490000.0,2025-08-05
Embalse,PENOL,928650000.0,2025-08-06
Embalse,PENOL,927810000.0,2025-08-07
Embalse,PENOL,930310000.0,2025-08-08
Embalse,PENOL,931330000.0,2025-08-09
Embalse,PENOL,932830000.0,2025-08-10
Embalse,PENOL,935950000.0,2025-08-11
Embalse,PENOL,935660000.0,2025-08-12
Embalse,PENOL,935060000.0,2025-08-13
Embalse,PENOL,934330000.0,2025-08-14
Embalse,PENOL,938890000.0,2025-08-15
Embalse,PENOL,940940000.0,2025-08-16
Embalse,PENOL,945460000.0,2025-08-17
Embalse,PENOL,949760000.0,2025-08-18
Embalse,PENOL,952250000.0,2025-08-19
Embalse,PENOL,956310000.0,2025-08-20
Embalse,PENOL,961850000.0,2025-08-21
Embalse,PENOL,963620000.0,2025-08-22
Embalse,PENOL,965150000.0,2025-08-23
Embalse,PENOL,973500000.0,2025-08-24
Embalse,PENOL,977620000.0,2025-08-25
Embalse,PENOL,975160000.0,2025-08-26
Embalse,PENOL,972820000.0,2025-08-27
Embalse,PENOL,970300000.0,2025-08-28
Embalse,PENOL,966930000.0,2025-08-29
Embalse,PENOL,964850000.0,2025-08-30
Embalse,PENOL,962460000.0,2025-08-31
Embalse,PENOL,964050000.0,2025-09-01
Embalse,PENOL,967360000.0,2025-09-02
Embalse,PENOL,971650000.0,2025-09-03
Embalse,PENOL,973680000.0,2025-09-04
Embalse,PENOL,974480000.0,2025-09-05
Embalse,PENOL,975220000.0,2025-09-06
Embalse,PENOL,978920000.0,2025-09-07
Embalse,PENOL,983990000.0,2025-09-08
Embalse,PENOL,985980000.0,2025-09-09
Embalse,PENOL,987030000.0,2025-09-10
Embalse,PENOL,988660000.0,2025-09-11
Embalse,PENOL,989400000.0,2025-09-12
Embalse,PENOL,988720000.0,2025-09-13
Embalse,PENOL,989210000.0,2025-09-14
Embalse,PENOL,988720000.0,2025-09-15
Embalse,PENOL,989150000.0,2025-09-16
Embalse,PENOL,989460000.0,2025-09-17
Embalse,PENOL,994200000.0,2025-09-18
Embalse,PENOL,994070000.0,2025-09-19
Embalse,PENOL,993640000.0,2025-09-20
Embalse,PENOL,993260000.0,2025-09-21
Embalse,PENOL,993010000.0,2025-09-22
Embalse,PENOL,992390000.0,2025-09-23
Embalse,PENOL,989900000.0,2025-09-24
Embalse,PENOL,989150000.0,2025-09-25
Embalse,PENOL,986350000.0,2025-09-26
Embalse,PENOL,985110000.0,2025-09-27
Embalse,PENOL,987100000.0,2025-09-28
Embalse,PENOL,988410000.0,2025-09-29
Embalse,PENOL,990700000.0,2025-09-30
Embalse,PENOL,992880000.0,2025-10-01
Embalse,PENOL,993640000.0,2025-10-02
Embalse,PENOL,994510000.0,2025-10-03
Embalse,PENOL,993260000.0,2025-10-04
Embalse,PENOL,995010000.0,2025-10-05
Embalse,PENOL,996140000.0,2025-10-06
Embalse,PENOL,995320000.0,2025-10-07
Embalse,PENOL,996760000.0,2025-10-08
Embalse,PENOL,1000200000.0,2025-10-09
Embalse,PENOL,1004790000.0,2025-10-10
Embalse,PENOL,1009200000.0,2025-10-11
Embalse,PENOL,1012800000.0,2025-10-12
Embalse,PENOL,1016150000.0,2025-10-13
Embalse,PENOL,1015020000.0,2025-10-14
Embalse,PENOL,1016350000.0,2025-10-15
Embalse,PENOL,1022690000.0,2025-10-16
Embalse,PENOL,1025680000.0,2025-10-17
Embalse,PENOL,1030070000.0,2025-10-18
Embalse,PENOL,1030830000.0,2025-10-19
Embalse,PENOL,1035800000.0,2025-10-20
Embalse,PENOL,1037020000.0,2025-10-21
Embalse,PENOL,1041490000.0,2025-10-22
Embalse,PENOL,1044550000.0,2025-10-23
Embalse,PENOL,1045250000.0,2025-10-24
Embalse,PENOL,1047550000.0,2025-10-25
Embalse,PENOL,1049270000.0,2025-10-26
Embalse,PENOL,1051710000.0,2025-10-27
Embalse,PENOL,1054070000.0,2025-10-28
Embalse,PENOL,1054910000.0,2025-10-29
Embalse,PENOL,1053310000.0,2025-10-30
Embalse,PENOL,1057020000.0,2025-10-31
Embalse,PENOL,1054910000.0,2025-11-01
Embalse,PENOL,1056380000.0,2025-11-02
Embalse,PENOL,1055800000.0,2025-11-03
Embalse,PENOL,1057210000.0,2025-11-04
Embalse,PENOL,1058550000.0,2025-11-05
Embalse,PENOL,1058110000.0,2025-11-06
Embalse,PENOL,1057150000.0,2025-11-07
Embalse,PENOL,1056950000.0,2025-11-08
Embalse,PENOL,1057590000.0,2025-11-09
Embalse,PENOL,1057590000.0,2025-11-10
Embalse,PENOL,1053820000.0,2025-11-11
Embalse,PENOL,1051840000.0,2025-11-12
Embalse,PENOL,1050550000.0,2025-11-13
Embalse,PENOL,1056760000.0,2025-11-14
Embalse,PENOL,1060420000.0,2025-11-15
Embalse,PENOL,1068370000.0,2025-11-16
Embalse,PENOL,1072220000.0,2025-11-17
Embalse,PENOL,1072660000.0,2025-11-18
Embalse,PENOL,1071190000.0,2025-11-19
Embalse,PENOL,1070040000.0,2025-11-20
Embalse,PENOL,1067020000.0,2025-11-21
Embalse,PENOL,1063430000.0,2025-11-22
Embalse,PENOL,1060160000.0,2025-11-23
Embalse,PENOL,1059460000.0,2025-11-24
Embalse,PENOL,1060160000.0,2025-11-25
Embalse,PENOL,1057720000.0,2025-11-26
Embalse,PENOL,1055610000.0,2025-11-27
Embalse,PENOL,1056630000.0,2025-11-28
Embalse,PENOL,1055870000.0,2025-11-29
Embalse,PENOL,1058170000.0,2025-11-30
Embalse,PENOL,1057080000.0,2025-12-01
Embalse,PENOL,1057270000.0,2025-12-02
Embalse,PENOL,1056830000.0,2025-12-03
Embalse,PENOL,1056250000.0,2025-12-04
Embalse,PENOL,1057270000.0,2025-12-05
Embalse,PENOL,1055670000.0,2025-12-06
Embalse,PENOL,1053880000.0,2025-12-07
Embalse,PENOL,1054590000.0,2025-12-08
Embalse,PENOL,1055100000.0,2025-12-09
Embalse,PENOL,1052160000.0,2025-12-10
Embalse,PENOL,1051130000.0,2025-12-11
Embalse,PENOL,1052030000.0,2025-12-12
Embalse,PENOL,1048440000.0,2025-12-13
Embalse,PENOL,1045380000.0,2025-12-14
Embalse,PENOL,1044360000.0,2025-12-15
Embalse,PENOL,1041170000.0,2025-12-16
Embalse,PENOL,1037780000.0,2025-12-17
Embalse,PENOL,1035300000.0,2025-12-18
Embalse,PENOL,1034400000.0,2025-12-19
Embalse,PENOL,1032110000.0,2025-12-20
Embalse,PENOL,1028540000.0,2025-12-21
Embalse,PENOL,1024920000.0,2025-12-22
Embalse,PENOL,1022000000.0,2025-12-23
Embalse,PENOL,1017620000.0,2025-12-24
Embalse,PENOL,1013570000.0,2025-12-25
Embalse,PENOL,1008760000.0,2025-12-26
Embalse,PENOL,1006120000.0,2025-12-27
Embalse,PENOL,1001530000.0,2025-12-28
Embalse,PENOL,997070000.0,2025-12-29
Embalse,PENOL,992200000.0,2025-12-30
Embalse,PENOL,990830000.0,2025-12-31
Embalse,PENOL,988970000.0,2026-01-01
Embalse,PENOL,985300000.0,2026-01-02
Embalse,PENOL,983250000.0,2026-01-03
Embalse,PENOL,979410000.0,2026-01-04
Embalse,PENOL,976570000.0,2026-01-05
Embalse,PENOL,974910000.0,2026-01-06
Embalse,PENOL,972700000.0,2026-01-07
Embalse,PENOL,969370000.0,2026-01-08
Embalse,PENOL,964910000.0,2026-01-09
Embalse,PENOL,964480000.0,2026-01-10
Embalse,PENOL,962580000.0,2026-01-11
Embalse,PENOL,966440000.0,2026-01-12
Embalse,PENOL,966010000.0,2026-01-13
Embalse,PENOL,967420000.0,2026-01-14
Embalse,PENOL,968580000.0,2026-01-15
Embalse,PENOL,967050000.0,2026-01-16
Embalse,PENOL,963190000.0,2026-01-17
Embalse,PENOL,959170000.0,2026-01-18
Embalse,PENOL,955220000.0,2026-01-19
Embalse,PENOL,950910000.0,2026-01-20
Embalse,PENOL,946490000.0,2026-01-21
Embalse,PENOL,942210000.0,2026-01-22
Embalse,PENOL,937690000.0,2026-01-23
Embalse,PENOL,936310000.0,2026-01-24
Embalse,PENOL,935950000.0,2026-01-25
Embalse,PENOL,931750000.0,2026-01-26
Embalse,PENOL,928290000.0,2026-01-27
Embalse,PENOL,925480000.0,2026-01-28
Embalse,PENOL,923810000.0,2026-01-29
Embalse,PENOL,925420000.0,2026-01-30
Embalse,PENOL,927450000.0,2026-01-31
Embalse,PENOL,929780000.0,2026-02-01
Embalse,PENOL,928650000.0,2026-02-02
Embalse,PENOL,927750000.0,2026-02-03
Embalse,PENOL,924760000.0,2026-02-04
Embalse,PENOL,924170000.0,2026-02-05
Embalse,PENOL,928110000.0,2026-02-06
Embalse,PENOL,929610000.0,2026-02-07
Embalse,PENOL,926970000.0,2026-02-08
Embalse,PENOL,925120000.0,2026-02-09
Embalse,PENOL,922380000.0,2026-02-10
Embalse,PENOL,920830000.0,2026-02-11
Embalse,PENOL,918980000.0,2026-02-12
Embalse,PENOL,917090000.0,2026-02-13
Embalse,PENOL,914190000.0,2026-02-14
Embalse,PENOL,911750000.0,2026-02-15
Embalse,PENOL,910150000.0,2026-02-16
Embalse,PENOL,910390000.0,2026-02-17
Embalse,PENOL,908310000.0,2026-02-18
Embalse,PENOL,907260000.0,2026-02-19
Embalse,PENOL,908020000.0,2026-02-20
Embalse,PENOL,906540000.0,2026-02-21
Embalse,PENOL,903420000.0,2026-02-22
Embalse,PENOL,902410000.0,2026-02-23
Embalse,PENOL,902060000.0,2026-02-24
Embalse,PENOL,902060000.0,2026-02-25
Embalse,PENOL,903770000.0,2026-02-26
Embalse,PENOL,904010000.0,2026-02-27
Embalse,PENOL,902060000.0,2026-02-28
Embalse,PENOL,898360000.0,2026-03-01
Embalse,PENOL,895130000.0,2026-03-02
Embalse,PENOL,892080000.0,2026-03-03
Embalse,PENOL,889610000.0,2026-03-04
Embalse,PENOL,885700000.0,2026-03-05
Embalse,PENOL,887220000.0,2026-03-06
Embalse,PENOL,883020000.0,2026-03-07
Embalse,PENOL,882200000.0,2026-03-08
Embalse,PENOL,880270000.0,2026-03-09
Embalse,PENOL,878480000.0,2026-03-10
Embalse,PENOL,876970000.0,2026-03-11
Embalse,PENOL,875810000.0,2026-03-12
Embalse,PENOL,871910000.0,2026-03-13
Embalse,PENOL,869660000.0,2026-03-14
Embalse,PENOL,867980000.0,2026-03-15
Embalse,PENOL,863940000.0,2026-03-16
Embalse,PENOL,860720000.0,2026-03-17
Embalse,PENOL,862330000.0,2026-03-18
Embalse,PENOL,859630000.0,2026-03-19
Embalse,PENOL,855720000.0,2026-03-20
Embalse,PENOL,852620000.0,2026-03-21
Embalse,PENOL,850560000.0,2026-03-22
Embalse,PENOL,847590000.0,2026-03-23
Embalse,PENOL,844280000.0,2026-03-24
Embalse,PENOL,840870000.0,2026-03-25
Embalse,PENOL,838250000.0,2026-03-26
Embalse,PENOL,834390000.0,2026-03-27
Embalse,PENOL,830590000.0,2026-03-28
Embalse,PENOL,830090000.0,2026-03-29
Embalse,PENOL,827600000.0,2026-03-30
Embalse,PENOL,824780000.0,2026-03-31
Embalse,PENOL,825630000.0,2026-04-01
Embalse,PENOL,828560000.0,2026-04-02
Embalse,PENOL,831270000.0,2026-04-03
Embalse,PENOL,831330000.0,2026-04-04
Embalse,PENOL,833260000.0,2026-04-05
Embalse,PENOL,831160000.0,2026-04-06
Embalse,PENOL,828160000.0,2026-04-07
Embalse,PENOL,835980000.0,2026-04-08
Embalse,PENOL,835300000.0,2026-04-09
Embalse,PENOL,831900000.0,2026-04-10
Embalse,PENOL,829580000.0,2026-04-11
Embalse,PENOL,828840000.0,2026-04-12
Embalse,PENOL,826870000.0,2026-04-13
Embalse,PENOL,824670000.0,2026-04-14
Embalse,PENOL,822690000.0,2026-04-15
Embalse,PENOL,823990000.0,2026-04-16
Embalse,PENOL,832070000.0,2026-04-17
Embalse,PENOL,834560000.0,2026-04-18
Embalse,PENOL,834560000.0,2026-04-19
Embalse,PENOL,836040000.0,2026-04-20
Embalse,PENOL,837110000.0,2026-04-21
Embalse,PENOL,838880000.0,2026-04-22
Embalse,PENOL,840700000.0,2026-04-23
Embalse,PENOL,840360000.0,2026-04-24
Embalse,PENOL,843030000.0,2026-04-25
Embalse,PENOL,847300000.0,2026-04-26
Embalse,PENOL,847420000.0,2026-04-27
Embalse,PENOL,847940000.0,2026-04-28
Embalse,PENOL,846390000.0,2026-04-29
Embalse,PENOL,844910000.0,2026-04-30
Embalse,PENOL,845650000.0,2026-05-01
Embalse,PENOL,852680000.0,2026-05-02
Embalse,PENOL,862160000.0,2026-05-03
Embalse,PENOL,866770000.0,2026-05-04
Embalse,PENOL,866020000.0,2026-05-05
Embalse,PENOL,869080000.0,2026-05-06
Embalse,PENOL,869780000.0,2026-05-07
Embalse,PENOL,867290000.0,2026-05-08
Embalse,PENOL,864690000.0,2026-05-09
Embalse,PENOL,867120000.0,2026-05-10
Embalse,PENOL,867750000.0,2026-05-11
Embalse,PENOL,869430000.0,2026-05-12
Embalse,PENOL,870300000.0,2026-05-13
Embalse,PENOL,870930000.0,2026-05-14
Embalse,PENOL,872260000.0,2026-05-15
Embalse,PENOL,874820000.0,2026-05-16
Embalse,PENOL,876160000.0,2026-05-17
Embalse,PENOL,878070000.0,2026-05-18
Embalse,PENOL,875580000.0,2026-05-19
Embalse,PENOL,875580000.0,2026-05-20
